reason,run_id,status
no_blocks_or_template,0,skipped
no_blocks_or_template,1,skipped
no_blocks_or_template,2,skipped
no_blocks_or_template,3,skipped
no_blocks_or_template,4,skipped
no_blocks_or_template,5,skipped
no_blocks_or_template,6,skipped
no_blocks_or_template,7,skipped
no_blocks_or_template,8,skipped
no_blocks_or_template,9,skipped
no_blocks_or_template,10,skipped
no_blocks_or_template,11,skipped
no_blocks_or_template,12,skipped
no_blocks_or_template,13,skipped
no_blocks_or_template,14,skipped
no_blocks_or_template,15,skipped
no_blocks_or_template,16,skipped
no_blocks_or_template,17,skipped
no_blocks_or_template,18,skipped
no_blocks_or_template,19,skipped
no_blocks_or_template,20,skipped
no_blocks_or_template,21,skipped
no_blocks_or_template,22,skipped
no_blocks_or_template,23,skipped
no_blocks_or_template,24,skipped
no_blocks_or_template,25,skipped
no_blocks_or_template,26,skipped
no_blocks_or_template,27,skipped
no_blocks_or_template,28,skipped
no_blocks_or_template,29,skipped
no_blocks_or_template,30,skipped
no_blocks_or_template,31,skipped
no_blocks_or_template,32,skipped
no_blocks_or_template,33,skipped
no_blocks_or_template,34,skipped
no_blocks_or_template,35,skipped
no_blocks_or_template,36,skipped
no_blocks_or_template,37,skipped
no_blocks_or_template,38,skipped
no_blocks_or_template,39,skipped
no_blocks_or_template,40,skipped
no_blocks_or_template,41,skipped
no_blocks_or_template,42,skipped
no_blocks_or_template,43,skipped
no_blocks_or_template,44,skipped
no_blocks_or_template,45,skipped
no_blocks_or_template,46,skipped
no_blocks_or_template,47,skipped
no_blocks_or_template,48,skipped
no_blocks_or_template,49,skipped
no_blocks_or_template,50,skipped
no_blocks_or_template,51,skipped
no_blocks_or_template,52,skipped
no_blocks_or_template,53,skipped
no_blocks_or_template,54,skipped
no_blocks_or_template,55,skipped
no_blocks_or_template,56,skipped
no_blocks_or_template,57,skipped
no_blocks_or_template,58,skipped
no_blocks_or_template,59,skipped
no_blocks_or_template,60,skipped
no_blocks_or_template,61,skipped
no_blocks_or_template,62,skipped
no_blocks_or_template,63,skipped
no_blocks_or_template,64,skipped
no_blocks_or_template,65,skipped
no_blocks_or_template,66,skipped
no_blocks_or_template,67,skipped
no_blocks_or_template,68,skipped
no_blocks_or_template,69,skipped
no_blocks_or_template,70,skipped
no_blocks_or_template,71,skipped
no_blocks_or_template,72,skipped
no_blocks_or_template,73,skipped
no_blocks_or_template,74,skipped
no_blocks_or_template,75,skipped
no_blocks_or_template,76,skipped
no_blocks_or_template,77,skipped
no_blocks_or_template,78,skipped
no_blocks_or_template,79,skipped
no_blocks_or_template,80,skipped
no_blocks_or_template,81,skipped
no_blocks_or_template,82,skipped
no_blocks_or_template,83,skipped
no_blocks_or_template,84,skipped
no_blocks_or_template,85,skipped
no_blocks_or_template,86,skipped
no_blocks_or_template,87,skipped
no_blocks_or_template,88,skipped
no_blocks_or_template,89,skipped
no_blocks_or_template,90,skipped
no_blocks_or_template,91,skipped
no_blocks_or_template,92,skipped
no_blocks_or_template,93,skipped
no_blocks_or_template,94,skipped
no_blocks_or_template,95,skipped
no_blocks_or_template,96,skipped
no_blocks_or_template,97,skipped
no_blocks_or_template,98,skipped
no_blocks_or_template,99,skipped
no_blocks_or_template,100,skipped
no_blocks_or_template,101,skipped
no_blocks_or_template,102,skipped
no_blocks_or_template,103,skipped
no_blocks_or_template,104,skipped
no_blocks_or_template,105,skipped
no_blocks_or_template,106,skipped
no_blocks_or_template,107,skipped
no_blocks_or_template,108,skipped
no_blocks_or_template,109,skipped
no_blocks_or_template,110,skipped
no_blocks_or_template,111,skipped
no_blocks_or_template,112,skipped
no_blocks_or_template,113,skipped
no_blocks_or_template,114,skipped
no_blocks_or_template,115,skipped
no_blocks_or_template,116,skipped
no_blocks_or_template,117,skipped
no_blocks_or_template,118,skipped
no_blocks_or_template,119,skipped
no_blocks_or_template,120,skipped
no_blocks_or_template,121,skipped
no_blocks_or_template,122,skipped
no_blocks_or_template,123,skipped
no_blocks_or_template,124,skipped
no_blocks_or_template,125,skipped
no_blocks_or_template,126,skipped
no_blocks_or_template,127,skipped
no_blocks_or_template,128,skipped
no_blocks_or_template,129,skipped
no_blocks_or_template,130,skipped
no_blocks_or_template,131,skipped
no_blocks_or_template,132,skipped
no_blocks_or_template,133,skipped
no_blocks_or_template,134,skipped
no_blocks_or_template,135,skipped
no_blocks_or_template,136,skipped
no_blocks_or_template,137,skipped
no_blocks_or_template,138,skipped
no_blocks_or_template,139,skipped
no_blocks_or_template,140,skipped
no_blocks_or_template,141,skipped
no_blocks_or_template,142,skipped
no_blocks_or_template,143,skipped
no_blocks_or_template,144,skipped
no_blocks_or_template,145,skipped
no_blocks_or_template,146,skipped
no_blocks_or_template,147,skipped
no_blocks_or_template,148,skipped
no_blocks_or_template,149,skipped
no_blocks_or_template,150,skipped
no_blocks_or_template,151,skipped
no_blocks_or_template,152,skipped
no_blocks_or_template,153,skipped
no_blocks_or_template,154,skipped
no_blocks_or_template,155,skipped
no_blocks_or_template,156,skipped
no_blocks_or_template,157,skipped
no_blocks_or_template,158,skipped
no_blocks_or_template,159,skipped
no_blocks_or_template,160,skipped
no_blocks_or_template,161,skipped
no_blocks_or_template,162,skipped
no_blocks_or_template,163,skipped
no_blocks_or_template,164,skipped
no_blocks_or_template,165,skipped
no_blocks_or_template,166,skipped
no_blocks_or_template,167,skipped
no_blocks_or_template,168,skipped
no_blocks_or_template,169,skipped
no_blocks_or_template,170,skipped
no_blocks_or_template,171,skipped
no_blocks_or_template,172,skipped
no_blocks_or_template,173,skipped
no_blocks_or_template,174,skipped
no_blocks_or_template,175,skipped
no_blocks_or_template,176,skipped
no_blocks_or_template,177,skipped
no_blocks_or_template,178,skipped
no_blocks_or_template,179,skipped
no_blocks_or_template,180,skipped
no_blocks_or_template,181,skipped
no_blocks_or_template,182,skipped
no_blocks_or_template,183,skipped
no_blocks_or_template,184,skipped
no_blocks_or_template,185,skipped
no_blocks_or_template,186,skipped
no_blocks_or_template,187,skipped
no_blocks_or_template,188,skipped
no_blocks_or_template,189,skipped
no_blocks_or_template,190,skipped
no_blocks_or_template,191,skipped
no_blocks_or_template,192,skipped
no_blocks_or_template,193,skipped
no_blocks_or_template,194,skipped
no_blocks_or_template,195,skipped
no_blocks_or_template,196,skipped
no_blocks_or_template,197,skipped
no_blocks_or_template,198,skipped
no_blocks_or_template,199,skipped
no_blocks_or_template,200,skipped
no_blocks_or_template,201,skipped
no_blocks_or_template,202,skipped
no_blocks_or_template,203,skipped
no_blocks_or_template,204,skipped
no_blocks_or_template,205,skipped
no_blocks_or_template,206,skipped
no_blocks_or_template,207,skipped
no_blocks_or_template,208,skipped
no_blocks_or_template,209,skipped
no_blocks_or_template,210,skipped
no_blocks_or_template,211,skipped
no_blocks_or_template,212,skipped
no_blocks_or_template,213,skipped
no_blocks_or_template,214,skipped
no_blocks_or_template,215,skipped
no_blocks_or_template,216,skipped
no_blocks_or_template,217,skipped
no_blocks_or_template,218,skipped
no_blocks_or_template,219,skipped
no_blocks_or_template,220,skipped
no_blocks_or_template,221,skipped
no_blocks_or_template,222,skipped
no_blocks_or_template,223,skipped
no_blocks_or_template,224,skipped
no_blocks_or_template,225,skipped
no_blocks_or_template,226,skipped
no_blocks_or_template,227,skipped
no_blocks_or_template,228,skipped
no_blocks_or_template,229,skipped
no_blocks_or_template,230,skipped
no_blocks_or_template,231,skipped
no_blocks_or_template,232,skipped
no_blocks_or_template,233,skipped
no_blocks_or_template,234,skipped
no_blocks_or_template,235,skipped
no_blocks_or_template,236,skipped
no_blocks_or_template,237,skipped
no_blocks_or_template,238,skipped
no_blocks_or_template,239,skipped
no_blocks_or_template,240,skipped
no_blocks_or_template,241,skipped
no_blocks_or_template,242,skipped
no_blocks_or_template,243,skipped
no_blocks_or_template,244,skipped
no_blocks_or_template,245,skipped
no_blocks_or_template,246,skipped
no_blocks_or_template,247,skipped
no_blocks_or_template,248,skipped
no_blocks_or_template,249,skipped
no_blocks_or_template,250,skipped
no_blocks_or_template,251,skipped
no_blocks_or_template,252,skipped
no_blocks_or_template,253,skipped
no_blocks_or_template,254,skipped
no_blocks_or_template,255,skipped
no_blocks_or_template,256,skipped
no_blocks_or_template,257,skipped
no_blocks_or_template,258,skipped
no_blocks_or_template,259,skipped
no_blocks_or_template,260,skipped
no_blocks_or_template,261,skipped
no_blocks_or_template,262,skipped
no_blocks_or_template,263,skipped
no_blocks_or_template,264,skipped
no_blocks_or_template,265,skipped
no_blocks_or_template,266,skipped
no_blocks_or_template,267,skipped
no_blocks_or_template,268,skipped
no_blocks_or_template,269,skipped
no_blocks_or_template,270,skipped
no_blocks_or_template,271,skipped
no_blocks_or_template,272,skipped
no_blocks_or_template,273,skipped
no_blocks_or_template,274,skipped
no_blocks_or_template,275,skipped
no_blocks_or_template,276,skipped
no_blocks_or_template,277,skipped
no_blocks_or_template,278,skipped
no_blocks_or_template,279,skipped
no_blocks_or_template,280,skipped
no_blocks_or_template,281,skipped
no_blocks_or_template,282,skipped
no_blocks_or_template,283,skipped
no_blocks_or_template,284,skipped
no_blocks_or_template,285,skipped
no_blocks_or_template,286,skipped
no_blocks_or_template,287,skipped
no_blocks_or_template,288,skipped
no_blocks_or_template,289,skipped
no_blocks_or_template,290,skipped
no_blocks_or_template,291,skipped
no_blocks_or_template,292,skipped
no_blocks_or_template,293,skipped
no_blocks_or_template,294,skipped
no_blocks_or_template,295,skipped
no_blocks_or_template,296,skipped
no_blocks_or_template,297,skipped
no_blocks_or_template,298,skipped
no_blocks_or_template,299,skipped
no_blocks_or_template,300,skipped
no_blocks_or_template,301,skipped
no_blocks_or_template,302,skipped
no_blocks_or_template,303,skipped
no_blocks_or_template,304,skipped
no_blocks_or_template,305,skipped
no_blocks_or_template,306,skipped
no_blocks_or_template,307,skipped
no_blocks_or_template,308,skipped
no_blocks_or_template,309,skipped
no_blocks_or_template,310,skipped
no_blocks_or_template,311,skipped
no_blocks_or_template,312,skipped
no_blocks_or_template,313,skipped
no_blocks_or_template,314,skipped
no_blocks_or_template,315,skipped
no_blocks_or_template,316,skipped
no_blocks_or_template,317,skipped
no_blocks_or_template,318,skipped
no_blocks_or_template,319,skipped
no_blocks_or_template,320,skipped
no_blocks_or_template,321,skipped
no_blocks_or_template,322,skipped
no_blocks_or_template,323,skipped
no_blocks_or_template,324,skipped
no_blocks_or_template,325,skipped
no_blocks_or_template,326,skipped
no_blocks_or_template,327,skipped
no_blocks_or_template,328,skipped
no_blocks_or_template,329,skipped
no_blocks_or_template,330,skipped
no_blocks_or_template,331,skipped
no_blocks_or_template,332,skipped
no_blocks_or_template,333,skipped
no_blocks_or_template,334,skipped
no_blocks_or_template,335,skipped
no_blocks_or_template,336,skipped
no_blocks_or_template,337,skipped
no_blocks_or_template,338,skipped
no_blocks_or_template,339,skipped
no_blocks_or_template,340,skipped
no_blocks_or_template,341,skipped
no_blocks_or_template,342,skipped
no_blocks_or_template,343,skipped
no_blocks_or_template,344,skipped
no_blocks_or_template,345,skipped
no_blocks_or_template,346,skipped
no_blocks_or_template,347,skipped
no_blocks_or_template,348,skipped
no_blocks_or_template,349,skipped
no_blocks_or_template,350,skipped
no_blocks_or_template,351,skipped
no_blocks_or_template,352,skipped
no_blocks_or_template,353,skipped
no_blocks_or_template,354,skipped
no_blocks_or_template,355,skipped
no_blocks_or_template,356,skipped
no_blocks_or_template,357,skipped
no_blocks_or_template,358,skipped
no_blocks_or_template,359,skipped
no_blocks_or_template,360,skipped
no_blocks_or_template,361,skipped
no_blocks_or_template,362,skipped
no_blocks_or_template,363,skipped
no_blocks_or_template,364,skipped
no_blocks_or_template,365,skipped
no_blocks_or_template,366,skipped
no_blocks_or_template,367,skipped
no_blocks_or_template,368,skipped
no_blocks_or_template,369,skipped
no_blocks_or_template,370,skipped
no_blocks_or_template,371,skipped
no_blocks_or_template,372,skipped
no_blocks_or_template,373,skipped
no_blocks_or_template,374,skipped
no_blocks_or_template,375,skipped
no_blocks_or_template,376,skipped
no_blocks_or_template,377,skipped
no_blocks_or_template,378,skipped
no_blocks_or_template,379,skipped
no_blocks_or_template,380,skipped
no_blocks_or_template,381,skipped
no_blocks_or_template,382,skipped
no_blocks_or_template,383,skipped
no_blocks_or_template,384,skipped
no_blocks_or_template,385,skipped
no_blocks_or_template,386,skipped
no_blocks_or_template,387,skipped
no_blocks_or_template,388,skipped
no_blocks_or_template,389,skipped
no_blocks_or_template,390,skipped
no_blocks_or_template,391,skipped
no_blocks_or_template,392,skipped
no_blocks_or_template,393,skipped
no_blocks_or_template,394,skipped
no_blocks_or_template,395,skipped
no_blocks_or_template,396,skipped
no_blocks_or_template,397,skipped
no_blocks_or_template,398,skipped
no_blocks_or_template,399,skipped
no_blocks_or_template,400,skipped
no_blocks_or_template,401,skipped
no_blocks_or_template,402,skipped
no_blocks_or_template,403,skipped
no_blocks_or_template,404,skipped
no_blocks_or_template,405,skipped
no_blocks_or_template,406,skipped
no_blocks_or_template,407,skipped
no_blocks_or_template,408,skipped
no_blocks_or_template,409,skipped
no_blocks_or_template,410,skipped
no_blocks_or_template,411,skipped
no_blocks_or_template,412,skipped
no_blocks_or_template,413,skipped
no_blocks_or_template,414,skipped
no_blocks_or_template,415,skipped
no_blocks_or_template,416,skipped
no_blocks_or_template,417,skipped
no_blocks_or_template,418,skipped
no_blocks_or_template,419,skipped
no_blocks_or_template,420,skipped
no_blocks_or_template,421,skipped
no_blocks_or_template,422,skipped
no_blocks_or_template,423,skipped
no_blocks_or_template,424,skipped
no_blocks_or_template,425,skipped
no_blocks_or_template,426,skipped
no_blocks_or_template,427,skipped
no_blocks_or_template,428,skipped
no_blocks_or_template,429,skipped
no_blocks_or_template,430,skipped
no_blocks_or_template,431,skipped
no_blocks_or_template,432,skipped
no_blocks_or_template,433,skipped
no_blocks_or_template,434,skipped
no_blocks_or_template,435,skipped
no_blocks_or_template,436,skipped
no_blocks_or_template,437,skipped
no_blocks_or_template,438,skipped
no_blocks_or_template,439,skipped
no_blocks_or_template,440,skipped
no_blocks_or_template,441,skipped
no_blocks_or_template,442,skipped
no_blocks_or_template,443,skipped
no_blocks_or_template,444,skipped
no_blocks_or_template,445,skipped
no_blocks_or_template,446,skipped
no_blocks_or_template,447,skipped
no_blocks_or_template,448,skipped
no_blocks_or_template,449,skipped
no_blocks_or_template,450,skipped
no_blocks_or_template,451,skipped
no_blocks_or_template,452,skipped
no_blocks_or_template,453,skipped
no_blocks_or_template,454,skipped
no_blocks_or_template,455,skipped
no_blocks_or_template,456,skipped
no_blocks_or_template,457,skipped
no_blocks_or_template,458,skipped
no_blocks_or_template,459,skipped
no_blocks_or_template,460,skipped
no_blocks_or_template,461,skipped
no_blocks_or_template,462,skipped
no_blocks_or_template,463,skipped
no_blocks_or_template,464,skipped
no_blocks_or_template,465,skipped
no_blocks_or_template,466,skipped
no_blocks_or_template,467,skipped
no_blocks_or_template,468,skipped
no_blocks_or_template,469,skipped
no_blocks_or_template,470,skipped
no_blocks_or_template,471,skipped
no_blocks_or_template,472,skipped
no_blocks_or_template,473,skipped
no_blocks_or_template,474,skipped
no_blocks_or_template,475,skipped
no_blocks_or_template,476,skipped
no_blocks_or_template,477,skipped
no_blocks_or_template,478,skipped
no_blocks_or_template,479,skipped
no_blocks_or_template,480,skipped
no_blocks_or_template,481,skipped
no_blocks_or_template,482,skipped
no_blocks_or_template,483,skipped
no_blocks_or_template,484,skipped
no_blocks_or_template,485,skipped
no_blocks_or_template,486,skipped
no_blocks_or_template,487,skipped
no_blocks_or_template,488,skipped
no_blocks_or_template,489,skipped
no_blocks_or_template,490,skipped
no_blocks_or_template,491,skipped
no_blocks_or_template,492,skipped
no_blocks_or_template,493,skipped
no_blocks_or_template,494,skipped
no_blocks_or_template,495,skipped
no_blocks_or_template,496,skipped
no_blocks_or_template,497,skipped
no_blocks_or_template,498,skipped
no_blocks_or_template,499,skipped
no_blocks_or_template,500,skipped
no_blocks_or_template,501,skipped
no_blocks_or_template,502,skipped
no_blocks_or_template,503,skipped
no_blocks_or_template,504,skipped
no_blocks_or_template,505,skipped
no_blocks_or_template,506,skipped
no_blocks_or_template,507,skipped
no_blocks_or_template,508,skipped
no_blocks_or_template,509,skipped
no_blocks_or_template,510,skipped
no_blocks_or_template,511,skipped
no_blocks_or_template,512,skipped
no_blocks_or_template,513,skipped
no_blocks_or_template,514,skipped
no_blocks_or_template,515,skipped
no_blocks_or_template,516,skipped
no_blocks_or_template,517,skipped
no_blocks_or_template,518,skipped
no_blocks_or_template,519,skipped
no_blocks_or_template,520,skipped
no_blocks_or_template,521,skipped
no_blocks_or_template,522,skipped
no_blocks_or_template,523,skipped
no_blocks_or_template,524,skipped
no_blocks_or_template,525,skipped
no_blocks_or_template,526,skipped
no_blocks_or_template,527,skipped
no_blocks_or_template,528,skipped
no_blocks_or_template,529,skipped
no_blocks_or_template,530,skipped
no_blocks_or_template,531,skipped
no_blocks_or_template,532,skipped
no_blocks_or_template,533,skipped
no_blocks_or_template,534,skipped
no_blocks_or_template,535,skipped
no_blocks_or_template,536,skipped
no_blocks_or_template,537,skipped
no_blocks_or_template,538,skipped
no_blocks_or_template,539,skipped
no_blocks_or_template,540,skipped
no_blocks_or_template,541,skipped
no_blocks_or_template,542,skipped
no_blocks_or_template,543,skipped
no_blocks_or_template,544,skipped
no_blocks_or_template,545,skipped
no_blocks_or_template,546,skipped
no_blocks_or_template,547,skipped
no_blocks_or_template,548,skipped
no_blocks_or_template,549,skipped
no_blocks_or_template,550,skipped
no_blocks_or_template,551,skipped
no_blocks_or_template,552,skipped
no_blocks_or_template,553,skipped
no_blocks_or_template,554,skipped
no_blocks_or_template,555,skipped
no_blocks_or_template,556,skipped
no_blocks_or_template,557,skipped
no_blocks_or_template,558,skipped
no_blocks_or_template,559,skipped
no_blocks_or_template,560,skipped
no_blocks_or_template,561,skipped
no_blocks_or_template,562,skipped
no_blocks_or_template,563,skipped
no_blocks_or_template,564,skipped
no_blocks_or_template,565,skipped
no_blocks_or_template,566,skipped
no_blocks_or_template,567,skipped
no_blocks_or_template,568,skipped
no_blocks_or_template,569,skipped
no_blocks_or_template,570,skipped
no_blocks_or_template,571,skipped
no_blocks_or_template,572,skipped
no_blocks_or_template,573,skipped
no_blocks_or_template,574,skipped
no_blocks_or_template,575,skipped
no_blocks_or_template,576,skipped
no_blocks_or_template,577,skipped
no_blocks_or_template,578,skipped
no_blocks_or_template,579,skipped
no_blocks_or_template,580,skipped
no_blocks_or_template,581,skipped
no_blocks_or_template,582,skipped
no_blocks_or_template,583,skipped
no_blocks_or_template,584,skipped
no_blocks_or_template,585,skipped
no_blocks_or_template,586,skipped
no_blocks_or_template,587,skipped
no_blocks_or_template,588,skipped
no_blocks_or_template,589,skipped
no_blocks_or_template,590,skipped
no_blocks_or_template,591,skipped
no_blocks_or_template,592,skipped
no_blocks_or_template,593,skipped
no_blocks_or_template,594,skipped
no_blocks_or_template,595,skipped
no_blocks_or_template,596,skipped
no_blocks_or_template,597,skipped
no_blocks_or_template,598,skipped
no_blocks_or_template,599,skipped
no_blocks_or_template,600,skipped
no_blocks_or_template,601,skipped
no_blocks_or_template,602,skipped
no_blocks_or_template,603,skipped
no_blocks_or_template,604,skipped
no_blocks_or_template,605,skipped
no_blocks_or_template,606,skipped
no_blocks_or_template,607,skipped
no_blocks_or_template,608,skipped
no_blocks_or_template,609,skipped
no_blocks_or_template,610,skipped
no_blocks_or_template,611,skipped
no_blocks_or_template,612,skipped
no_blocks_or_template,613,skipped
no_blocks_or_template,614,skipped
no_blocks_or_template,615,skipped
no_blocks_or_template,616,skipped
no_blocks_or_template,617,skipped
no_blocks_or_template,618,skipped
no_blocks_or_template,619,skipped
no_blocks_or_template,620,skipped
no_blocks_or_template,621,skipped
no_blocks_or_template,622,skipped
no_blocks_or_template,623,skipped
no_blocks_or_template,624,skipped
no_blocks_or_template,625,skipped
no_blocks_or_template,626,skipped
no_blocks_or_template,627,skipped
no_blocks_or_template,628,skipped
no_blocks_or_template,629,skipped
no_blocks_or_template,630,skipped
no_blocks_or_template,631,skipped
no_blocks_or_template,632,skipped
no_blocks_or_template,633,skipped
no_blocks_or_template,634,skipped
no_blocks_or_template,635,skipped
no_blocks_or_template,636,skipped
no_blocks_or_template,637,skipped
no_blocks_or_template,638,skipped
no_blocks_or_template,639,skipped
no_blocks_or_template,640,skipped
no_blocks_or_template,641,skipped
no_blocks_or_template,642,skipped
no_blocks_or_template,643,skipped
no_blocks_or_template,644,skipped
no_blocks_or_template,645,skipped
no_blocks_or_template,646,skipped
no_blocks_or_template,647,skipped
no_blocks_or_template,648,skipped
no_blocks_or_template,649,skipped
no_blocks_or_template,650,skipped
no_blocks_or_template,651,skipped
no_blocks_or_template,652,skipped
no_blocks_or_template,653,skipped
no_blocks_or_template,654,skipped
no_blocks_or_template,655,skipped
no_blocks_or_template,656,skipped
no_blocks_or_template,657,skipped
no_blocks_or_template,658,skipped
no_blocks_or_template,659,skipped
no_blocks_or_template,660,skipped
no_blocks_or_template,661,skipped
no_blocks_or_template,662,skipped
no_blocks_or_template,663,skipped
no_blocks_or_template,664,skipped
no_blocks_or_template,665,skipped
no_blocks_or_template,666,skipped
no_blocks_or_template,667,skipped
no_blocks_or_template,668,skipped
no_blocks_or_template,669,skipped
no_blocks_or_template,670,skipped
no_blocks_or_template,671,skipped
no_blocks_or_template,672,skipped
no_blocks_or_template,673,skipped
no_blocks_or_template,674,skipped
no_blocks_or_template,675,skipped
no_blocks_or_template,676,skipped
no_blocks_or_template,677,skipped
no_blocks_or_template,678,skipped
no_blocks_or_template,679,skipped
no_blocks_or_template,680,skipped
no_blocks_or_template,681,skipped
no_blocks_or_template,682,skipped
no_blocks_or_template,683,skipped
no_blocks_or_template,684,skipped
no_blocks_or_template,685,skipped
no_blocks_or_template,686,skipped
no_blocks_or_template,687,skipped
no_blocks_or_template,688,skipped
no_blocks_or_template,689,skipped
no_blocks_or_template,690,skipped
no_blocks_or_template,691,skipped
no_blocks_or_template,692,skipped
no_blocks_or_template,693,skipped
no_blocks_or_template,694,skipped
no_blocks_or_template,695,skipped
no_blocks_or_template,696,skipped
no_blocks_or_template,697,skipped
no_blocks_or_template,698,skipped
no_blocks_or_template,699,skipped
no_blocks_or_template,700,skipped
no_blocks_or_template,701,skipped
no_blocks_or_template,702,skipped
no_blocks_or_template,703,skipped
no_blocks_or_template,704,skipped
no_blocks_or_template,705,skipped
no_blocks_or_template,706,skipped
no_blocks_or_template,707,skipped
no_blocks_or_template,708,skipped
no_blocks_or_template,709,skipped
no_blocks_or_template,710,skipped
no_blocks_or_template,711,skipped
no_blocks_or_template,712,skipped
no_blocks_or_template,713,skipped
no_blocks_or_template,714,skipped
no_blocks_or_template,715,skipped
no_blocks_or_template,716,skipped
no_blocks_or_template,717,skipped
no_blocks_or_template,718,skipped
no_blocks_or_template,719,skipped
no_blocks_or_template,720,skipped
no_blocks_or_template,721,skipped
no_blocks_or_template,722,skipped
no_blocks_or_template,723,skipped
no_blocks_or_template,724,skipped
no_blocks_or_template,725,skipped
no_blocks_or_template,726,skipped
no_blocks_or_template,727,skipped
no_blocks_or_template,728,skipped
no_blocks_or_template,729,skipped
no_blocks_or_template,730,skipped
no_blocks_or_template,731,skipped
no_blocks_or_template,732,skipped
no_blocks_or_template,733,skipped
no_blocks_or_template,734,skipped
no_blocks_or_template,735,skipped
no_blocks_or_template,736,skipped
no_blocks_or_template,737,skipped
no_blocks_or_template,738,skipped
no_blocks_or_template,739,skipped
no_blocks_or_template,740,skipped
no_blocks_or_template,741,skipped
no_blocks_or_template,742,skipped
no_blocks_or_template,743,skipped
no_blocks_or_template,744,skipped
no_blocks_or_template,745,skipped
no_blocks_or_template,746,skipped
no_blocks_or_template,747,skipped
no_blocks_or_template,748,skipped
no_blocks_or_template,749,skipped
no_blocks_or_template,750,skipped
no_blocks_or_template,751,skipped
no_blocks_or_template,752,skipped
no_blocks_or_template,753,skipped
no_blocks_or_template,754,skipped
no_blocks_or_template,755,skipped
no_blocks_or_template,756,skipped
no_blocks_or_template,757,skipped
no_blocks_or_template,758,skipped
no_blocks_or_template,759,skipped
no_blocks_or_template,760,skipped
no_blocks_or_template,761,skipped
no_blocks_or_template,762,skipped
no_blocks_or_template,763,skipped
no_blocks_or_template,764,skipped
no_blocks_or_template,765,skipped
no_blocks_or_template,766,skipped
no_blocks_or_template,767,skipped
no_blocks_or_template,768,skipped
no_blocks_or_template,769,skipped
no_blocks_or_template,770,skipped
no_blocks_or_template,771,skipped
no_blocks_or_template,772,skipped
no_blocks_or_template,773,skipped
no_blocks_or_template,774,skipped
no_blocks_or_template,775,skipped
no_blocks_or_template,776,skipped
no_blocks_or_template,777,skipped
no_blocks_or_template,778,skipped
no_blocks_or_template,779,skipped
no_blocks_or_template,780,skipped
no_blocks_or_template,781,skipped
no_blocks_or_template,782,skipped
no_blocks_or_template,783,skipped
no_blocks_or_template,784,skipped
no_blocks_or_template,785,skipped
no_blocks_or_template,786,skipped
no_blocks_or_template,787,skipped
no_blocks_or_template,788,skipped
no_blocks_or_template,789,skipped
no_blocks_or_template,790,skipped
no_blocks_or_template,791,skipped
no_blocks_or_template,792,skipped
no_blocks_or_template,793,skipped
no_blocks_or_template,794,skipped
no_blocks_or_template,795,skipped
no_blocks_or_template,796,skipped
no_blocks_or_template,797,skipped
no_blocks_or_template,798,skipped
no_blocks_or_template,799,skipped
no_blocks_or_template,800,skipped
no_blocks_or_template,801,skipped
no_blocks_or_template,802,skipped
no_blocks_or_template,803,skipped
no_blocks_or_template,804,skipped
no_blocks_or_template,805,skipped
no_blocks_or_template,806,skipped
no_blocks_or_template,807,skipped
no_blocks_or_template,808,skipped
no_blocks_or_template,809,skipped
no_blocks_or_template,810,skipped
no_blocks_or_template,811,skipped
no_blocks_or_template,812,skipped
no_blocks_or_template,813,skipped
no_blocks_or_template,814,skipped
no_blocks_or_template,815,skipped
no_blocks_or_template,816,skipped
no_blocks_or_template,817,skipped
no_blocks_or_template,818,skipped
no_blocks_or_template,819,skipped
no_blocks_or_template,820,skipped
no_blocks_or_template,821,skipped
no_blocks_or_template,822,skipped
no_blocks_or_template,823,skipped
no_blocks_or_template,824,skipped
no_blocks_or_template,825,skipped
no_blocks_or_template,826,skipped
no_blocks_or_template,827,skipped
no_blocks_or_template,828,skipped
no_blocks_or_template,829,skipped
no_blocks_or_template,830,skipped
no_blocks_or_template,831,skipped
no_blocks_or_template,832,skipped
no_blocks_or_template,833,skipped
no_blocks_or_template,834,skipped
no_blocks_or_template,835,skipped
no_blocks_or_template,836,skipped
no_blocks_or_template,837,skipped
no_blocks_or_template,838,skipped
no_blocks_or_template,839,skipped
no_blocks_or_template,840,skipped
no_blocks_or_template,841,skipped
no_blocks_or_template,842,skipped
no_blocks_or_template,843,skipped
no_blocks_or_template,844,skipped
no_blocks_or_template,845,skipped
no_blocks_or_template,846,skipped
no_blocks_or_template,847,skipped
no_blocks_or_template,848,skipped
no_blocks_or_template,849,skipped
no_blocks_or_template,850,skipped
no_blocks_or_template,851,skipped
no_blocks_or_template,852,skipped
no_blocks_or_template,853,skipped
no_blocks_or_template,854,skipped
no_blocks_or_template,855,skipped
no_blocks_or_template,856,skipped
no_blocks_or_template,857,skipped
no_blocks_or_template,858,skipped
no_blocks_or_template,859,skipped
no_blocks_or_template,860,skipped
no_blocks_or_template,861,skipped
no_blocks_or_template,862,skipped
no_blocks_or_template,863,skipped
no_blocks_or_template,864,skipped
no_blocks_or_template,865,skipped
no_blocks_or_template,866,skipped
no_blocks_or_template,867,skipped
no_blocks_or_template,868,skipped
no_blocks_or_template,869,skipped
no_blocks_or_template,870,skipped
no_blocks_or_template,871,skipped
no_blocks_or_template,872,skipped
no_blocks_or_template,873,skipped
no_blocks_or_template,874,skipped
no_blocks_or_template,875,skipped
no_blocks_or_template,876,skipped
no_blocks_or_template,877,skipped
no_blocks_or_template,878,skipped
no_blocks_or_template,879,skipped
no_blocks_or_template,880,skipped
no_blocks_or_template,881,skipped
no_blocks_or_template,882,skipped
no_blocks_or_template,883,skipped
no_blocks_or_template,884,skipped
no_blocks_or_template,885,skipped
no_blocks_or_template,886,skipped
no_blocks_or_template,887,skipped
no_blocks_or_template,888,skipped
no_blocks_or_template,889,skipped
no_blocks_or_template,890,skipped
no_blocks_or_template,891,skipped
no_blocks_or_template,892,skipped
no_blocks_or_template,893,skipped
no_blocks_or_template,894,skipped
no_blocks_or_template,895,skipped
no_blocks_or_template,896,skipped
no_blocks_or_template,897,skipped
no_blocks_or_template,898,skipped
no_blocks_or_template,899,skipped
no_blocks_or_template,900,skipped
no_blocks_or_template,901,skipped
no_blocks_or_template,902,skipped
no_blocks_or_template,903,skipped
no_blocks_or_template,904,skipped
no_blocks_or_template,905,skipped
no_blocks_or_template,906,skipped
no_blocks_or_template,907,skipped
no_blocks_or_template,908,skipped
no_blocks_or_template,909,skipped
no_blocks_or_template,910,skipped
no_blocks_or_template,911,skipped
no_blocks_or_template,912,skipped
no_blocks_or_template,913,skipped
no_blocks_or_template,914,skipped
no_blocks_or_template,915,skipped
no_blocks_or_template,916,skipped
no_blocks_or_template,917,skipped
no_blocks_or_template,918,skipped
no_blocks_or_template,919,skipped
no_blocks_or_template,920,skipped
no_blocks_or_template,921,skipped
no_blocks_or_template,922,skipped
no_blocks_or_template,923,skipped
no_blocks_or_template,924,skipped
no_blocks_or_template,925,skipped
no_blocks_or_template,926,skipped
no_blocks_or_template,927,skipped
no_blocks_or_template,928,skipped
no_blocks_or_template,929,skipped
no_blocks_or_template,930,skipped
no_blocks_or_template,931,skipped
no_blocks_or_template,932,skipped
no_blocks_or_template,933,skipped
no_blocks_or_template,934,skipped
no_blocks_or_template,935,skipped
no_blocks_or_template,936,skipped
no_blocks_or_template,937,skipped
no_blocks_or_template,938,skipped
no_blocks_or_template,939,skipped
no_blocks_or_template,940,skipped
no_blocks_or_template,941,skipped
no_blocks_or_template,942,skipped
no_blocks_or_template,943,skipped
no_blocks_or_template,944,skipped
no_blocks_or_template,945,skipped
no_blocks_or_template,946,skipped
no_blocks_or_template,947,skipped
no_blocks_or_template,948,skipped
no_blocks_or_template,949,skipped
no_blocks_or_template,950,skipped
no_blocks_or_template,951,skipped
no_blocks_or_template,952,skipped
no_blocks_or_template,953,skipped
no_blocks_or_template,954,skipped
no_blocks_or_template,955,skipped
no_blocks_or_template,956,skipped
no_blocks_or_template,957,skipped
no_blocks_or_template,958,skipped
no_blocks_or_template,959,skipped
no_blocks_or_template,960,skipped
no_blocks_or_template,961,skipped
no_blocks_or_template,962,skipped
no_blocks_or_template,963,skipped
no_blocks_or_template,964,skipped
no_blocks_or_template,965,skipped
no_blocks_or_template,966,skipped
no_blocks_or_template,967,skipped
no_blocks_or_template,968,skipped
no_blocks_or_template,969,skipped
no_blocks_or_template,970,skipped
no_blocks_or_template,971,skipped
no_blocks_or_template,972,skipped
no_blocks_or_template,973,skipped
no_blocks_or_template,974,skipped
no_blocks_or_template,975,skipped
no_blocks_or_template,976,skipped
no_blocks_or_template,977,skipped
no_blocks_or_template,978,skipped
no_blocks_or_template,979,skipped
no_blocks_or_template,980,skipped
no_blocks_or_template,981,skipped
no_blocks_or_template,982,skipped
no_blocks_or_template,983,skipped
no_blocks_or_template,984,skipped
no_blocks_or_template,985,skipped
no_blocks_or_template,986,skipped
no_blocks_or_template,987,skipped
no_blocks_or_template,988,skipped
no_blocks_or_template,989,skipped
no_blocks_or_template,990,skipped
no_blocks_or_template,991,skipped
no_blocks_or_template,992,skipped
no_blocks_or_template,993,skipped
no_blocks_or_template,994,skipped
no_blocks_or_template,995,skipped
no_blocks_or_template,996,skipped
no_blocks_or_template,997,skipped
no_blocks_or_template,998,skipped
no_blocks_or_template,999,skipped
