run_id,best_target,best_family,best_d_total
0.0,proton,nucleon_like,5.009979939920564
1.0,rho,rho_like,22.05802413821004
2.0,proton,nucleon_like,2.875360326613232
3.0,proton,nucleon_like,2.8753603266132277
4.0,proton,nucleon_like,2.4395652601534046
5.0,proton,nucleon_like,2.4395652601534152
6.0,proton,nucleon_like,22.80749013315033
7.0,proton,nucleon_like,9.506911868744309
8.0,rho,rho_like,15.340522571191919
9.0,proton,nucleon_like,17.591361420648433
10.0,pion,pion_like,14.028829290600275
11.0,rho,rho_like,10.631216734351295
12.0,proton,nucleon_like,15.403389951088256
13.0,proton,nucleon_like,22.496267911911403
14.0,pion,pion_like,27.81788227104067
15.0,proton,nucleon_like,19.94159760331397
16.0,proton,nucleon_like,20.493222578558484
17.0,proton,nucleon_like,11.610093899277901
18.0,proton,nucleon_like,21.492170804959322
19.0,proton,nucleon_like,15.953278099728129
20.0,proton,nucleon_like,2.846159455948185
21.0,proton,nucleon_like,7.334537088051436
22.0,proton,nucleon_like,2.439565260153407
23.0,rho,rho_like,11.23086396921751
24.0,proton,nucleon_like,18.841186621103372
25.0,proton,nucleon_like,19.58582768199354
26.0,rho,rho_like,10.631216734351302
27.0,proton,nucleon_like,21.900642411074475
28.0,proton,nucleon_like,3.666986925324479
29.0,proton,nucleon_like,2.4395652601534152
30.0,proton,nucleon_like,2.875360326613232
31.0,proton,nucleon_like,11.401400650717505
32.0,proton,nucleon_like,2.87536032661323
33.0,rho,rho_like,9.337859891139978
34.0,proton,nucleon_like,18.407628563473253
35.0,proton,nucleon_like,2.87536032661323
36.0,proton,nucleon_like,17.271012952912606
37.0,pion,pion_like,8.810055766753042
38.0,rho,rho_like,5.568312657482496
39.0,proton,nucleon_like,15.403389951088243
40.0,rho,rho_like,10.631216734351302
41.0,proton,nucleon_like,23.39572537417851
42.0,proton,nucleon_like,20.30006459896247
43.0,proton,nucleon_like,15.96613951366001
44.0,proton,nucleon_like,7.665224906491577
45.0,proton,nucleon_like,15.403389951088254
46.0,rho,rho_like,19.635022262693468
47.0,proton,nucleon_like,18.945563294339784
48.0,rho,rho_like,11.344718565189329
49.0,proton,nucleon_like,11.401400650717513
50.0,proton,nucleon_like,23.768124247384034
51.0,proton,nucleon_like,10.160234836730895
52.0,proton,nucleon_like,2.8461594559481806
53.0,proton,nucleon_like,20.300064598962464
54.0,rho,rho_like,11.868686722159875
55.0,rho,rho_like,5.568312657482508
56.0,proton,nucleon_like,14.777931924914634
57.0,proton,nucleon_like,21.900642411074475
58.0,rho,rho_like,9.167371937980985
59.0,proton,nucleon_like,20.61236933309273
60.0,proton,nucleon_like,17.409624615703677
61.0,proton,nucleon_like,17.271012952912606
62.0,proton,nucleon_like,2.439565260153411
63.0,proton,nucleon_like,19.025380750344095
64.0,proton,nucleon_like,19.025380750344095
65.0,proton,nucleon_like,24.701594977123534
66.0,proton,nucleon_like,22.27898329111851
67.0,proton,nucleon_like,2.87536032661323
68.0,proton,nucleon_like,6.924484193185673
69.0,proton,nucleon_like,25.125171247805326
70.0,proton,nucleon_like,21.654284086238015
71.0,pion,pion_like,27.81788227104067
72.0,rho,rho_like,9.403703504922413
73.0,rho,rho_like,10.631216734351295
74.0,proton,nucleon_like,22.46702714161369
75.0,rho,rho_like,9.096825208928351
76.0,pion,pion_like,18.625180284080404
77.0,proton,nucleon_like,8.176239905949988
78.0,proton,nucleon_like,2.846159455948185
79.0,proton,nucleon_like,2.439565260153411
80.0,proton,nucleon_like,16.855177964539383
81.0,rho,rho_like,9.403703506827622
82.0,proton,nucleon_like,21.549694858837867
83.0,proton,nucleon_like,4.754803996120105
84.0,proton,nucleon_like,15.96613951366001
85.0,rho,rho_like,10.119752889549764
86.0,rho,rho_like,21.087463855052455
87.0,rho,rho_like,24.617694850568938
88.0,proton,nucleon_like,17.271012952912606
89.0,proton,nucleon_like,15.953278099728129
90.0,proton,nucleon_like,24.23999649469198
91.0,rho,rho_like,7.453086274311232
92.0,rho,rho_like,21.353246921389037
93.0,proton,nucleon_like,21.924987075019565
94.0,proton,nucleon_like,2.87536032661323
95.0,proton,nucleon_like,11.140534090017004
96.0,rho,rho_like,6.869208260113975
97.0,pion,pion_like,14.028829290600275
98.0,proton,nucleon_like,22.182713452259605
99.0,proton,nucleon_like,2.875360326613226
100.0,proton,nucleon_like,22.49626791191141
101.0,proton,nucleon_like,22.661746443212735
102.0,proton,nucleon_like,17.300982813544422
103.0,proton,nucleon_like,19.02538075034409
104.0,proton,nucleon_like,2.4395652601534006
105.0,proton,nucleon_like,19.585827681993543
106.0,proton,nucleon_like,10.124195796499217
107.0,proton,nucleon_like,20.724901196847895
108.0,proton,nucleon_like,23.58246389325284
109.0,proton,nucleon_like,2.439565260153411
110.0,proton,nucleon_like,18.84118662110338
111.0,proton,nucleon_like,3.666986925324471
112.0,pion,pion_like,27.862944535682633
113.0,rho,rho_like,9.851052803810514
114.0,pion,pion_like,12.496712292773562
115.0,proton,nucleon_like,19.08839453140014
116.0,proton,nucleon_like,2.439565260153411
117.0,pion,pion_like,11.409403455606219
118.0,proton,nucleon_like,4.300288204293466
119.0,proton,nucleon_like,14.718743036330382
120.0,proton,nucleon_like,2.8753603266132317
121.0,proton,nucleon_like,17.591361420648433
122.0,rho,rho_like,21.196005279893424
123.0,pion,pion_like,15.560946288426983
124.0,proton,nucleon_like,19.025380750344095
125.0,proton,nucleon_like,2.846159455948183
126.0,proton,nucleon_like,20.38457121503572
127.0,proton,nucleon_like,21.65428408623802
128.0,rho,rho_like,10.631216734351305
129.0,rho,rho_like,9.882098564741803
130.0,proton,nucleon_like,6.973706752868326
131.0,proton,nucleon_like,11.401400650717507
132.0,proton,nucleon_like,2.4395652601534046
133.0,proton,nucleon_like,3.2159921928544946
134.0,proton,nucleon_like,21.654284086238015
135.0,rho,rho_like,10.631216734351298
136.0,proton,nucleon_like,3.666986925324477
137.0,proton,nucleon_like,4.818443796177194
138.0,rho,rho_like,10.631216734351295
139.0,proton,nucleon_like,11.14053409001702
140.0,proton,nucleon_like,20.007853342508408
141.0,proton,nucleon_like,13.799531599356051
142.0,proton,nucleon_like,17.591361420648422
143.0,proton,nucleon_like,2.8461594559481727
144.0,rho,rho_like,9.882098564741819
145.0,proton,nucleon_like,18.90263587758327
146.0,proton,nucleon_like,16.91381133740576
147.0,proton,nucleon_like,18.84118662110338
148.0,proton,nucleon_like,19.02538075034409
149.0,proton,nucleon_like,3.666986925324475
150.0,rho,rho_like,10.631216734351295
151.0,proton,nucleon_like,22.782917749528945
152.0,proton,nucleon_like,11.140534090017022
153.0,proton,nucleon_like,2.846159455948176
154.0,proton,nucleon_like,4.81844379617719
155.0,rho,rho_like,9.851052803810514
156.0,rho,rho_like,10.152241502578114
157.0,rho,rho_like,10.119752889549762
158.0,rho,rho_like,9.955143827785811
159.0,proton,nucleon_like,18.94556329433979
160.0,rho,rho_like,10.119752889549773
161.0,proton,nucleon_like,23.076069295730786
162.0,proton,nucleon_like,2.875360326613232
163.0,rho,rho_like,22.955143454871124
164.0,pion,pion_like,10.964595294946854
165.0,proton,nucleon_like,12.955074671316327
166.0,rho,rho_like,10.119752889549764
167.0,rho,rho_like,20.19382666021431
168.0,rho,rho_like,9.792955497531873
169.0,proton,nucleon_like,11.140534090017017
170.0,rho,rho_like,9.835802273209056
171.0,proton,nucleon_like,11.401400650717513
172.0,proton,nucleon_like,4.102905212290981
173.0,proton,nucleon_like,21.224217512466033
174.0,proton,nucleon_like,2.4395652601534135
175.0,proton,nucleon_like,22.782917749528956
176.0,rho,rho_like,26.68877598115084
177.0,pion,pion_like,13.550042728779431
178.0,rho,rho_like,6.755829820572749
179.0,pion,pion_like,14.904324717929821
180.0,proton,nucleon_like,4.8184437961771955
181.0,proton,nucleon_like,7.383924802177338
182.0,proton,nucleon_like,20.63809106325548
183.0,rho,rho_like,4.6621182010524755
184.0,rho,rho_like,8.819657942781339
185.0,proton,nucleon_like,2.4395652601534046
186.0,proton,nucleon_like,9.606517714392336
187.0,proton,nucleon_like,17.30098281354443
188.0,proton,nucleon_like,20.384571215035713
189.0,proton,nucleon_like,20.38457121503573
190.0,proton,nucleon_like,16.418242119897226
191.0,proton,nucleon_like,14.005859832375434
192.0,pion,pion_like,11.970047074770633
193.0,proton,nucleon_like,2.84615945594817
194.0,proton,nucleon_like,8.760257048188196
195.0,proton,nucleon_like,18.945563294339784
196.0,rho,rho_like,10.119752889549769
197.0,proton,nucleon_like,21.92498707501957
198.0,rho,rho_like,8.818708267914937
199.0,rho,rho_like,8.020987490177436
200.0,proton,nucleon_like,2.846159455948185
201.0,rho,rho_like,9.403703504922417
202.0,rho,rho_like,9.403703506827618
203.0,rho,rho_like,21.08746385505245
204.0,proton,nucleon_like,2.8753603266132277
205.0,proton,nucleon_like,19.025380750344084
206.0,rho,rho_like,10.119752889549762
207.0,proton,nucleon_like,11.780842920827308
208.0,proton,nucleon_like,11.140534090017022
209.0,proton,nucleon_like,21.92498707501956
210.0,proton,nucleon_like,2.846159455948183
211.0,rho,rho_like,10.119752889549765
212.0,rho,rho_like,10.609031621872662
213.0,proton,nucleon_like,10.16023483673089
214.0,rho,rho_like,10.119752889549769
215.0,proton,nucleon_like,22.27898329111851
216.0,proton,nucleon_like,2.8753603266132317
217.0,proton,nucleon_like,2.4395652601534046
218.0,rho,rho_like,12.304938023722212
219.0,proton,nucleon_like,18.945563294339788
220.0,proton,nucleon_like,17.271012952912606
221.0,proton,nucleon_like,18.44264625438663
222.0,pion,pion_like,16.34889217302358
223.0,proton,nucleon_like,2.4395652601534135
224.0,rho,rho_like,10.631216734351298
225.0,proton,nucleon_like,2.8753603266132317
226.0,proton,nucleon_like,4.300288204293468
227.0,proton,nucleon_like,2.875360326613234
228.0,proton,nucleon_like,21.44057120035785
229.0,pion,pion_like,10.964595294946854
230.0,rho,rho_like,9.610493625996195
231.0,proton,nucleon_like,24.21545714015541
232.0,proton,nucleon_like,18.242048046281422
233.0,rho,rho_like,9.955143827785804
234.0,rho,rho_like,24.073736766987253
235.0,proton,nucleon_like,2.846159455948189
236.0,proton,nucleon_like,18.841186621103375
237.0,proton,nucleon_like,10.140213147713297
238.0,pion,pion_like,13.659007946297276
239.0,proton,nucleon_like,2.846159455948168
240.0,proton,nucleon_like,15.403389951088254
241.0,proton,nucleon_like,2.846159455948189
242.0,proton,nucleon_like,20.493222578558473
243.0,proton,nucleon_like,6.152879283492033
244.0,proton,nucleon_like,21.924987075019565
245.0,proton,nucleon_like,5.3504101774106365
246.0,proton,nucleon_like,2.875360326613232
247.0,rho,rho_like,10.546239958274048
248.0,rho,rho_like,9.835802273209062
249.0,pion,pion_like,27.151744445898622
250.0,proton,nucleon_like,11.401400650717495
251.0,proton,nucleon_like,22.27898329111851
252.0,proton,nucleon_like,21.440571200357855
253.0,rho,rho_like,10.119752889549769
254.0,proton,nucleon_like,11.14053409001702
255.0,rho,rho_like,9.403703504922428
256.0,proton,nucleon_like,18.442646254386634
257.0,rho,rho_like,11.22608492841157
258.0,proton,nucleon_like,16.91381133740576
259.0,rho,rho_like,9.096825208928351
260.0,proton,nucleon_like,3.666986925324477
261.0,proton,nucleon_like,15.480150433193158
262.0,proton,nucleon_like,2.846159455948183
263.0,pion,pion_like,27.719036013116366
264.0,proton,nucleon_like,16.91381133740576
265.0,proton,nucleon_like,20.300064598962464
266.0,rho,rho_like,9.403703504922422
267.0,proton,nucleon_like,13.812652131510692
268.0,proton,nucleon_like,11.610093899277897
269.0,proton,nucleon_like,10.16023483673089
270.0,proton,nucleon_like,20.38457121503572
271.0,rho,rho_like,21.08746385505246
272.0,rho,rho_like,22.034455117066095
273.0,proton,nucleon_like,2.4395652601534024
274.0,proton,nucleon_like,18.422413810747788
275.0,pion,pion_like,18.625180284080407
276.0,proton,nucleon_like,18.94556329433978
277.0,rho,rho_like,19.964549768012557
278.0,proton,nucleon_like,2.4395652601534135
279.0,rho,rho_like,9.851052803810507
280.0,proton,nucleon_like,10.592571204119725
281.0,proton,nucleon_like,2.439565260153409
282.0,proton,nucleon_like,2.875360326613232
283.0,proton,nucleon_like,2.875360326613232
284.0,proton,nucleon_like,2.87536032661323
285.0,proton,nucleon_like,2.8461594559481806
286.0,rho,rho_like,9.403703504922428
287.0,proton,nucleon_like,9.562573958959383
288.0,pion,pion_like,13.040366711357233
289.0,pion,pion_like,27.719036013116362
290.0,proton,nucleon_like,11.401400650717505
291.0,proton,nucleon_like,11.610093899277883
292.0,rho,rho_like,7.261208487353505
293.0,rho,rho_like,8.819657942781346
294.0,rho,rho_like,10.119752889549765
295.0,rho,rho_like,9.337859891139967
296.0,proton,nucleon_like,21.440571200357844
297.0,proton,nucleon_like,4.537591383641381
298.0,rho,rho_like,18.264814374072706
299.0,pion,pion_like,9.975433872419604
300.0,rho,rho_like,26.051851192497505
301.0,rho,rho_like,19.058024224577974
302.0,rho,rho_like,6.054938142351928
303.0,proton,nucleon_like,16.91381133740576
304.0,proton,nucleon_like,2.875360326613234
305.0,proton,nucleon_like,5.250240122746965
306.0,rho,rho_like,20.19382666021431
307.0,proton,nucleon_like,27.73537796349521
308.0,rho,rho_like,21.08746385505246
309.0,proton,nucleon_like,16.913811337405768
310.0,proton,nucleon_like,20.232459306103863
311.0,rho,rho_like,6.379012183081244
312.0,proton,nucleon_like,20.493222578558473
313.0,proton,nucleon_like,21.267565530835803
314.0,proton,nucleon_like,15.966139513660007
315.0,proton,nucleon_like,8.912729871611248
316.0,pion,pion_like,0.0
317.0,rho,rho_like,10.548293261204805
318.0,proton,nucleon_like,20.3919639209811
319.0,proton,nucleon_like,25.010852735160796
320.0,proton,nucleon_like,20.49322257855848
321.0,rho,rho_like,10.631216734351298
322.0,rho,rho_like,7.983950428493527
323.0,rho,rho_like,19.058024224577974
324.0,proton,nucleon_like,17.092797957895513
325.0,pion,pion_like,27.719036013116366
326.0,proton,nucleon_like,17.591361420648433
327.0,proton,nucleon_like,20.177145884674097
328.0,proton,nucleon_like,18.945563294339777
329.0,proton,nucleon_like,21.440571200357855
330.0,proton,nucleon_like,3.415391330060856
331.0,proton,nucleon_like,6.924484193185675
332.0,proton,nucleon_like,22.208571189683042
333.0,proton,nucleon_like,19.139405687493113
334.0,rho,rho_like,8.818708267914932
335.0,pion,pion_like,27.81788227104067
336.0,proton,nucleon_like,2.4395652601534046
337.0,proton,nucleon_like,3.666986925324473
338.0,rho,rho_like,10.631216734351298
339.0,rho,rho_like,10.119752889549764
340.0,proton,nucleon_like,17.409624615703677
341.0,proton,nucleon_like,23.79274786931557
342.0,rho,rho_like,10.631216734351295
343.0,pion,pion_like,17.0930632862537
344.0,proton,nucleon_like,11.401400650717491
345.0,rho,rho_like,9.337859891139974
346.0,rho,rho_like,10.119752889549769
347.0,rho,rho_like,17.26635768946176
348.0,proton,nucleon_like,11.140534090017024
349.0,rho,rho_like,24.07373676698726
350.0,rho,rho_like,7.5396824466000405
351.0,proton,nucleon_like,15.966139513660014
352.0,proton,nucleon_like,2.4395652601534006
353.0,rho,rho_like,10.329629409891183
354.0,pion,pion_like,0.0
355.0,rho,rho_like,8.818708267914925
356.0,proton,nucleon_like,15.408151614061147
357.0,proton,nucleon_like,2.875360326613232
358.0,proton,nucleon_like,18.945563294339777
359.0,proton,nucleon_like,3.666986925324475
360.0,proton,nucleon_like,5.250240122746963
361.0,rho,rho_like,16.262202844550067
362.0,proton,nucleon_like,17.80927668602449
363.0,pion,pion_like,9.011472373367507
364.0,proton,nucleon_like,2.4395652601534046
365.0,proton,nucleon_like,2.846159455948183
366.0,proton,nucleon_like,10.12419579649921
367.0,proton,nucleon_like,7.6652249064915665
368.0,proton,nucleon_like,6.152879283492025
369.0,proton,nucleon_like,19.025380750344084
370.0,rho,rho_like,15.885184872071285
371.0,rho,rho_like,10.546239958274057
372.0,rho,rho_like,10.591133331307535
373.0,proton,nucleon_like,2.439565260153411
374.0,proton,nucleon_like,3.666986925324479
375.0,proton,nucleon_like,4.81844379617719
376.0,proton,nucleon_like,8.128187852307757
377.0,proton,nucleon_like,9.506911868744309
378.0,proton,nucleon_like,20.493222578558473
379.0,proton,nucleon_like,8.388451638846757
380.0,proton,nucleon_like,25.26577090009542
381.0,rho,rho_like,13.199999735809492
382.0,proton,nucleon_like,19.294743200913192
383.0,proton,nucleon_like,4.297119959852184
384.0,proton,nucleon_like,15.944358285629509
385.0,proton,nucleon_like,18.449872127114787
386.0,proton,nucleon_like,5.676979228066012
387.0,rho,rho_like,10.631216734351304
388.0,pion,pion_like,12.496712292773562
389.0,proton,nucleon_like,20.300064598962464
390.0,proton,nucleon_like,11.14053409001702
391.0,rho,rho_like,9.403703506827615
392.0,proton,nucleon_like,16.819902071295033
393.0,proton,nucleon_like,2.8753603266132317
394.0,proton,nucleon_like,16.91381133740576
395.0,proton,nucleon_like,23.07606929573078
396.0,rho,rho_like,10.152241502578121
397.0,proton,nucleon_like,15.099462267199643
398.0,rho,rho_like,10.631216734351295
399.0,proton,nucleon_like,3.666986925324479
400.0,rho,rho_like,9.403703504922428
401.0,proton,nucleon_like,20.38457121503572
402.0,rho,rho_like,26.68877598115084
403.0,proton,nucleon_like,4.300288204293466
404.0,proton,nucleon_like,4.300288204293466
405.0,proton,nucleon_like,3.666986925324475
406.0,rho,rho_like,6.946913459255599
407.0,proton,nucleon_like,9.126191824403492
408.0,proton,nucleon_like,9.506911868744309
409.0,rho,rho_like,15.94328219692508
410.0,proton,nucleon_like,2.87536032661323
411.0,rho,rho_like,9.792955497531874
412.0,proton,nucleon_like,22.78291774952895
413.0,proton,nucleon_like,2.8461594559481727
414.0,proton,nucleon_like,2.4395652601534152
415.0,proton,nucleon_like,20.300064598962464
416.0,proton,nucleon_like,20.174361969625174
417.0,proton,nucleon_like,20.788700466704274
418.0,rho,rho_like,10.152241502578107
419.0,proton,nucleon_like,21.224217512466033
420.0,proton,nucleon_like,2.875360326613234
421.0,proton,nucleon_like,20.38457121503573
422.0,proton,nucleon_like,18.90263587758328
423.0,proton,nucleon_like,3.666986925324471
424.0,proton,nucleon_like,2.87536032661323
425.0,proton,nucleon_like,23.177781009423004
426.0,proton,nucleon_like,2.8753603266132357
427.0,pion,pion_like,27.719036013116366
428.0,proton,nucleon_like,2.846159455948179
429.0,proton,nucleon_like,18.84118662110338
430.0,proton,nucleon_like,20.493222578558484
431.0,rho,rho_like,10.119752889549769
432.0,proton,nucleon_like,2.439565260153407
433.0,proton,nucleon_like,2.846159455948179
434.0,rho,rho_like,10.119752889549765
435.0,proton,nucleon_like,7.383924802177326
436.0,rho,rho_like,9.337859891139967
437.0,pion,pion_like,17.552698385601705
438.0,rho,rho_like,9.835802273209048
439.0,proton,nucleon_like,20.3919639209811
440.0,proton,nucleon_like,3.666986925324473
441.0,rho,rho_like,10.280246699554352
442.0,rho,rho_like,10.631216734351298
443.0,rho,rho_like,16.262202844550064
444.0,rho,rho_like,9.792955497531874
445.0,proton,nucleon_like,2.8461594559481727
446.0,proton,nucleon_like,11.780842920827299
447.0,proton,nucleon_like,2.84615945594817
448.0,proton,nucleon_like,18.40762856347326
449.0,proton,nucleon_like,19.088394531400127
450.0,proton,nucleon_like,2.846159455948176
451.0,proton,nucleon_like,4.818443796177192
452.0,proton,nucleon_like,4.297119959852179
453.0,proton,nucleon_like,11.40140065071751
454.0,rho,rho_like,10.119752889549765
455.0,proton,nucleon_like,3.666986925324475
456.0,proton,nucleon_like,20.23245930610386
457.0,proton,nucleon_like,22.27898329111851
458.0,proton,nucleon_like,21.900642411074475
459.0,rho,rho_like,10.631216734351304
460.0,proton,nucleon_like,22.791018489874787
461.0,proton,nucleon_like,22.782917749528945
462.0,proton,nucleon_like,18.841186621103375
463.0,proton,nucleon_like,13.716008348103506
464.0,proton,nucleon_like,19.02538075034409
465.0,proton,nucleon_like,2.4395652601534046
466.0,proton,nucleon_like,3.666986925324475
467.0,proton,nucleon_like,10.11109069096043
468.0,pion,pion_like,0.0
469.0,proton,nucleon_like,2.4395652601534046
470.0,rho,rho_like,7.0987653444596885
471.0,proton,nucleon_like,11.140534090017004
472.0,proton,nucleon_like,4.297119959852184
473.0,proton,nucleon_like,13.864941794673845
474.0,proton,nucleon_like,18.442646254386624
475.0,proton,nucleon_like,22.78291774952895
476.0,proton,nucleon_like,17.30098281354443
477.0,pion,pion_like,8.810055766753043
478.0,proton,nucleon_like,17.300982813544433
479.0,proton,nucleon_like,2.846159455948183
480.0,proton,nucleon_like,17.300982813544426
481.0,proton,nucleon_like,20.213540492128836
482.0,rho,rho_like,10.119752889549765
483.0,rho,rho_like,10.329629409891185
484.0,proton,nucleon_like,21.65428408623802
485.0,proton,nucleon_like,2.846159455948185
486.0,proton,nucleon_like,11.401400650717495
487.0,proton,nucleon_like,2.875360326613234
488.0,proton,nucleon_like,6.973706752868331
489.0,proton,nucleon_like,2.875360326613234
490.0,rho,rho_like,21.08746385505245
491.0,proton,nucleon_like,2.8753603266132304
492.0,proton,nucleon_like,9.60651771439235
493.0,proton,nucleon_like,2.439565260153411
494.0,rho,rho_like,21.087463855052462
495.0,rho,rho_like,22.08683071960821
496.0,proton,nucleon_like,3.666986925324477
497.0,proton,nucleon_like,11.40140065071751
498.0,proton,nucleon_like,2.439565260153409
499.0,proton,nucleon_like,19.13940568749311
500.0,pion,pion_like,14.028829290600275
501.0,proton,nucleon_like,2.846159455948183
502.0,rho,rho_like,20.19382666021431
503.0,rho,rho_like,9.792955497531867
504.0,rho,rho_like,10.60903162187266
505.0,proton,nucleon_like,2.4395652601534135
506.0,proton,nucleon_like,18.90263587758327
507.0,rho,rho_like,10.010013505937852
508.0,proton,nucleon_like,21.654284086238015
509.0,pion,pion_like,14.182040990382944
510.0,proton,nucleon_like,2.87536032661323
511.0,proton,nucleon_like,15.953278099728129
512.0,rho,rho_like,10.656426800272847
513.0,proton,nucleon_like,11.401400650717502
514.0,proton,nucleon_like,24.904410855699343
515.0,proton,nucleon_like,19.738300505416586
516.0,rho,rho_like,10.11975288954976
517.0,rho,rho_like,10.631216734351296
518.0,proton,nucleon_like,3.666986925324475
519.0,proton,nucleon_like,11.140534090017024
520.0,proton,nucleon_like,15.403389951088254
521.0,proton,nucleon_like,20.300064598962468
522.0,proton,nucleon_like,2.846159455948179
523.0,proton,nucleon_like,20.384571215035713
524.0,proton,nucleon_like,27.223330183191713
525.0,proton,nucleon_like,11.610093899277896
526.0,proton,nucleon_like,3.666986925324477
527.0,proton,nucleon_like,2.4395652601533984
528.0,rho,rho_like,10.57066409650109
529.0,proton,nucleon_like,20.300064598962457
530.0,proton,nucleon_like,21.695845671970552
531.0,proton,nucleon_like,11.140534090017024
532.0,proton,nucleon_like,2.846159455948185
533.0,rho,rho_like,8.203429203808094
534.0,pion,pion_like,27.719036013116366
535.0,rho,rho_like,12.304938023722226
536.0,proton,nucleon_like,5.154136015462488
537.0,proton,nucleon_like,13.084940919297244
538.0,pion,pion_like,25.73858063113299
539.0,proton,nucleon_like,18.841186621103382
540.0,proton,nucleon_like,18.422413810747795
541.0,rho,rho_like,9.096825208928347
542.0,proton,nucleon_like,11.140534090017017
543.0,proton,nucleon_like,7.130183880212035
544.0,proton,nucleon_like,10.16023483673089
545.0,proton,nucleon_like,26.64605338510419
546.0,proton,nucleon_like,17.591361420648433
547.0,proton,nucleon_like,2.87536032661323
548.0,proton,nucleon_like,17.591361420648425
549.0,rho,rho_like,6.524981715289213
550.0,rho,rho_like,9.337859891139978
551.0,proton,nucleon_like,11.140534090017018
552.0,proton,nucleon_like,22.782917749528938
553.0,proton,nucleon_like,24.21545714015541
554.0,pion,pion_like,11.409403455606219
555.0,proton,nucleon_like,9.506911868744314
556.0,rho,rho_like,8.818708267914932
557.0,proton,nucleon_like,15.558625819989034
558.0,rho,rho_like,22.034455117066095
559.0,proton,nucleon_like,18.945563294339784
560.0,rho,rho_like,21.196005279893427
561.0,proton,nucleon_like,11.610093899277885
562.0,proton,nucleon_like,8.272344013234472
563.0,proton,nucleon_like,17.591361420648433
564.0,proton,nucleon_like,18.555727653741087
565.0,proton,nucleon_like,7.334537088051441
566.0,proton,nucleon_like,19.86736457601747
567.0,rho,rho_like,8.045678844992533
568.0,pion,pion_like,10.390051420761838
569.0,proton,nucleon_like,23.177781009423004
570.0,rho,rho_like,11.440740503183191
571.0,proton,nucleon_like,17.271012952912606
572.0,proton,nucleon_like,21.65428408623802
573.0,proton,nucleon_like,20.638091063255487
574.0,rho,rho_like,22.456172273022574
575.0,proton,nucleon_like,11.610093899277885
576.0,proton,nucleon_like,19.08839453140012
577.0,proton,nucleon_like,17.30098281354443
578.0,proton,nucleon_like,11.14053409001702
579.0,proton,nucleon_like,4.300288204293472
580.0,proton,nucleon_like,19.02538075034409
581.0,rho,rho_like,24.59135740505596
582.0,proton,nucleon_like,21.654284086238018
583.0,proton,nucleon_like,19.08839453140013
584.0,proton,nucleon_like,11.401400650717486
585.0,rho,rho_like,9.792955497531882
586.0,pion,pion_like,27.81788227104067
587.0,proton,nucleon_like,23.792747869315562
588.0,proton,nucleon_like,2.8753603266132317
589.0,proton,nucleon_like,19.025380750344095
590.0,proton,nucleon_like,11.14053409001702
591.0,rho,rho_like,8.819657942781337
592.0,proton,nucleon_like,11.14053409001702
593.0,rho,rho_like,10.119752889549765
594.0,proton,nucleon_like,20.49322257855847
595.0,proton,nucleon_like,21.440571200357844
596.0,rho,rho_like,10.119752889549765
597.0,proton,nucleon_like,11.14053409001702
598.0,proton,nucleon_like,15.944358285629509
599.0,rho,rho_like,12.304938023722219
600.0,proton,nucleon_like,2.8753603266132317
601.0,rho,rho_like,10.119752889549765
602.0,pion,pion_like,15.560946288426983
603.0,proton,nucleon_like,3.666986925324479
604.0,proton,nucleon_like,2.846159455948176
605.0,proton,nucleon_like,21.695845671970545
606.0,proton,nucleon_like,4.300288204293472
607.0,rho,rho_like,9.337859891139978
608.0,proton,nucleon_like,20.177145884674093
609.0,proton,nucleon_like,6.040206998621517
610.0,rho,rho_like,10.119752889549765
611.0,proton,nucleon_like,3.86155784183946
612.0,proton,nucleon_like,19.025380750344087
613.0,proton,nucleon_like,11.401400650717491
614.0,proton,nucleon_like,22.78291774952895
615.0,rho,rho_like,9.882098564741813
616.0,proton,nucleon_like,16.913811337405768
617.0,proton,nucleon_like,11.14053409001702
618.0,proton,nucleon_like,19.025380750344087
619.0,proton,nucleon_like,19.025380750344087
620.0,proton,nucleon_like,6.1528792834920285
621.0,proton,nucleon_like,20.391963920981105
622.0,proton,nucleon_like,2.439565260153411
623.0,rho,rho_like,10.064883184089908
624.0,proton,nucleon_like,18.94556329433978
625.0,pion,pion_like,27.81788227104067
626.0,pion,pion_like,13.040366711357237
627.0,rho,rho_like,10.119752889549764
628.0,proton,nucleon_like,18.43372017631067
629.0,proton,nucleon_like,20.49322257855848
630.0,proton,nucleon_like,16.913811337405768
631.0,rho,rho_like,10.119752889549764
632.0,proton,nucleon_like,18.945563294339784
633.0,proton,nucleon_like,11.61009389927788
634.0,rho,rho_like,10.119752889549769
635.0,pion,pion_like,10.390051420761836
636.0,rho,rho_like,10.119752889549765
637.0,proton,nucleon_like,20.300064598962475
638.0,rho,rho_like,9.835802273209062
639.0,rho,rho_like,9.337859891139978
640.0,proton,nucleon_like,11.401400650717505
641.0,rho,rho_like,22.058024138210047
642.0,pion,pion_like,25.460779197461115
643.0,proton,nucleon_like,2.439565260153407
644.0,rho,rho_like,10.631216734351295
645.0,proton,nucleon_like,20.384571215035724
646.0,proton,nucleon_like,19.139994136001597
647.0,proton,nucleon_like,15.348387817800905
648.0,proton,nucleon_like,22.27898329111851
649.0,rho,rho_like,21.11563732979567
650.0,rho,rho_like,22.978659031221998
651.0,proton,nucleon_like,2.4395652601534135
652.0,rho,rho_like,9.337859891139964
653.0,proton,nucleon_like,20.493222578558477
654.0,proton,nucleon_like,20.638091063255487
655.0,proton,nucleon_like,19.46723770822007
656.0,rho,rho_like,22.0868307196082
657.0,rho,rho_like,10.631216734351298
658.0,proton,nucleon_like,19.025380750344084
659.0,proton,nucleon_like,9.562573958959383
660.0,pion,pion_like,14.028829290600271
661.0,proton,nucleon_like,22.278983291118507
662.0,proton,nucleon_like,23.395725374178493
663.0,proton,nucleon_like,7.403788751140594
664.0,proton,nucleon_like,23.685462343572524
665.0,rho,rho_like,10.716460692913074
666.0,proton,nucleon_like,16.369194883514936
667.0,proton,nucleon_like,7.33453708805143
668.0,proton,nucleon_like,18.945563294339784
669.0,proton,nucleon_like,11.14053409001701
670.0,proton,nucleon_like,2.875360326613234
671.0,proton,nucleon_like,9.60651771439235
672.0,proton,nucleon_like,18.94556329433979
673.0,pion,pion_like,27.664670571258
674.0,proton,nucleon_like,15.403389951088254
675.0,rho,rho_like,5.555555486968452
676.0,proton,nucleon_like,15.96613951366001
677.0,proton,nucleon_like,21.654284086238007
678.0,proton,nucleon_like,18.407628563473256
679.0,rho,rho_like,9.096825208928346
680.0,proton,nucleon_like,18.841186621103382
681.0,rho,rho_like,10.119752889549764
682.0,rho,rho_like,10.119752889549765
683.0,proton,nucleon_like,17.591361420648433
684.0,proton,nucleon_like,11.780842920827297
685.0,rho,rho_like,10.256205103287249
686.0,rho,rho_like,10.119752889549765
687.0,proton,nucleon_like,11.401400650717507
688.0,rho,rho_like,10.28024669955434
689.0,rho,rho_like,10.119752889549765
690.0,rho,rho_like,9.901271748766446
691.0,proton,nucleon_like,14.71874303633039
692.0,rho,rho_like,9.096825208928351
693.0,proton,nucleon_like,5.250240122746963
694.0,rho,rho_like,9.167371937980985
695.0,proton,nucleon_like,18.555727653741087
696.0,proton,nucleon_like,2.8753603266132277
697.0,proton,nucleon_like,2.875360326613232
698.0,rho,rho_like,7.330355711751546
699.0,proton,nucleon_like,15.944358285629505
700.0,proton,nucleon_like,16.418242119897233
701.0,proton,nucleon_like,18.44264625438663
702.0,proton,nucleon_like,2.846159455948183
703.0,rho,rho_like,6.348148033187936
704.0,rho,rho_like,7.798765280485535
705.0,proton,nucleon_like,2.439565260153411
706.0,proton,nucleon_like,2.875360326613232
707.0,pion,pion_like,26.942386843711116
708.0,proton,nucleon_like,21.440571200357862
709.0,proton,nucleon_like,17.99789147059402
710.0,proton,nucleon_like,20.63809106325548
711.0,proton,nucleon_like,22.341281587575573
712.0,rho,rho_like,10.119752889549769
713.0,proton,nucleon_like,11.401400650717497
714.0,proton,nucleon_like,11.401400650717498
715.0,proton,nucleon_like,11.401400650717507
716.0,proton,nucleon_like,16.819902071295033
717.0,proton,nucleon_like,9.60651771439235
718.0,proton,nucleon_like,18.841186621103382
719.0,proton,nucleon_like,9.506911868744304
720.0,proton,nucleon_like,13.799531599356039
721.0,proton,nucleon_like,8.555987217449477
722.0,proton,nucleon_like,18.945563294339774
723.0,proton,nucleon_like,23.207754347414387
724.0,proton,nucleon_like,19.585827681993543
725.0,rho,rho_like,8.818708267914932
726.0,proton,nucleon_like,2.8461594559481727
727.0,proton,nucleon_like,2.4395652601534152
728.0,rho,rho_like,10.11975288954976
729.0,proton,nucleon_like,17.409624615703677
730.0,proton,nucleon_like,4.300288204293469
731.0,pion,pion_like,15.130038382788229
732.0,rho,rho_like,11.060082075259789
733.0,proton,nucleon_like,20.493222578558473
734.0,proton,nucleon_like,17.145055365283746
735.0,rho,rho_like,8.41193398617121
736.0,rho,rho_like,9.882098564741808
737.0,proton,nucleon_like,14.339574465083752
738.0,proton,nucleon_like,2.87536032661323
739.0,proton,nucleon_like,22.944202854271122
740.0,proton,nucleon_like,5.250240122746965
741.0,proton,nucleon_like,3.346639986427675
742.0,proton,nucleon_like,23.07606929573078
743.0,rho,rho_like,10.631216734351298
744.0,proton,nucleon_like,24.239996494691972
745.0,rho,rho_like,10.57066409650109
746.0,proton,nucleon_like,2.8753603266132317
747.0,proton,nucleon_like,2.846159455948179
748.0,proton,nucleon_like,8.555987217449465
749.0,rho,rho_like,10.656426800272843
750.0,proton,nucleon_like,13.740050702944368
751.0,rho,rho_like,24.617694850568938
752.0,proton,nucleon_like,2.87536032661323
753.0,proton,nucleon_like,21.44057120035785
754.0,proton,nucleon_like,11.610093899277901
755.0,proton,nucleon_like,2.4395652601533984
756.0,proton,nucleon_like,2.87536032661323
757.0,proton,nucleon_like,24.701594977123534
758.0,proton,nucleon_like,11.61009389927787
759.0,rho,rho_like,10.656426800272854
760.0,proton,nucleon_like,8.760257048188205
761.0,proton,nucleon_like,10.140213147713295
762.0,proton,nucleon_like,17.145055365283746
763.0,proton,nucleon_like,11.401400650717498
764.0,pion,pion_like,12.496712292773566
765.0,proton,nucleon_like,22.782917749528934
766.0,proton,nucleon_like,16.000677794363835
767.0,rho,rho_like,10.631216734351295
768.0,rho,rho_like,7.484511634478618
769.0,proton,nucleon_like,2.875360326613234
770.0,proton,nucleon_like,2.439565260153407
771.0,proton,nucleon_like,2.8461594559481727
772.0,rho,rho_like,10.631216734351304
773.0,proton,nucleon_like,2.439565260153409
774.0,proton,nucleon_like,9.506911868744297
775.0,proton,nucleon_like,21.654284086238015
776.0,proton,nucleon_like,17.30098281354443
777.0,proton,nucleon_like,2.8461594559481744
778.0,proton,nucleon_like,2.439565260153407
779.0,proton,nucleon_like,11.401400650717491
780.0,proton,nucleon_like,3.6669869253244727
781.0,proton,nucleon_like,2.4395652601534006
782.0,proton,nucleon_like,11.610093899277885
783.0,rho,rho_like,10.119752889549765
784.0,rho,rho_like,24.073736766987263
785.0,proton,nucleon_like,21.440571200357862
786.0,proton,nucleon_like,3.666986925324473
787.0,pion,pion_like,27.81788227104067
788.0,proton,nucleon_like,17.30098281354443
789.0,proton,nucleon_like,2.846159455948176
790.0,rho,rho_like,12.726942471780667
791.0,rho,rho_like,20.19382666021431
792.0,rho,rho_like,10.631216734351298
793.0,pion,pion_like,27.151744445898622
794.0,proton,nucleon_like,15.403389951088254
795.0,proton,nucleon_like,11.14053409001702
796.0,rho,rho_like,8.560753630504019
797.0,proton,nucleon_like,19.738300505416582
798.0,proton,nucleon_like,15.038485710523588
799.0,proton,nucleon_like,11.14053409001702
800.0,rho,rho_like,5.766559205267146
801.0,proton,nucleon_like,18.145720579665156
802.0,proton,nucleon_like,23.177781009423015
803.0,proton,nucleon_like,21.654284086238015
804.0,proton,nucleon_like,21.26756553083581
805.0,proton,nucleon_like,23.582463893252843
806.0,proton,nucleon_like,6.2098024820647115
807.0,proton,nucleon_like,4.818443796177194
808.0,proton,nucleon_like,19.139405687493124
809.0,proton,nucleon_like,11.401400650717507
810.0,proton,nucleon_like,11.14053409001701
811.0,proton,nucleon_like,26.9429385955492
812.0,proton,nucleon_like,2.439565260153409
813.0,pion,pion_like,10.172120985726142
814.0,proton,nucleon_like,11.401400650717505
815.0,proton,nucleon_like,4.300288204293469
816.0,proton,nucleon_like,2.8753603266132277
817.0,proton,nucleon_like,2.4395652601534175
818.0,rho,rho_like,22.05802413821004
819.0,proton,nucleon_like,20.384571215035727
820.0,proton,nucleon_like,3.666986925324473
821.0,proton,nucleon_like,2.846159455948179
822.0,proton,nucleon_like,17.591361420648433
823.0,proton,nucleon_like,18.407628563473263
824.0,proton,nucleon_like,23.177781009423025
825.0,proton,nucleon_like,21.25663130695749
826.0,pion,pion_like,27.770003614858584
827.0,rho,rho_like,9.096825208928333
828.0,rho,rho_like,10.656426800272847
829.0,proton,nucleon_like,2.439565260153407
830.0,proton,nucleon_like,9.606517714392343
831.0,proton,nucleon_like,4.818443796177192
832.0,proton,nucleon_like,17.30098281354443
833.0,proton,nucleon_like,23.17778100942301
834.0,proton,nucleon_like,17.271012952912606
835.0,proton,nucleon_like,3.666986925324473
836.0,proton,nucleon_like,11.610093899277901
837.0,proton,nucleon_like,6.417719941371906
838.0,proton,nucleon_like,20.978244822062965
839.0,proton,nucleon_like,11.140534090017015
840.0,proton,nucleon_like,2.4395652601534135
841.0,rho,rho_like,14.89753056907844
842.0,proton,nucleon_like,15.06015709663034
843.0,proton,nucleon_like,2.4395652601534046
844.0,rho,rho_like,9.79295549753188
845.0,proton,nucleon_like,23.07606929573078
846.0,rho,rho_like,10.631216734351298
847.0,rho,rho_like,6.08159360819382
848.0,proton,nucleon_like,20.3919639209811
849.0,proton,nucleon_like,20.177145884674097
850.0,proton,nucleon_like,20.391963920981105
851.0,rho,rho_like,6.813854466404586
852.0,proton,nucleon_like,24.23999649469197
853.0,proton,nucleon_like,22.944202854271122
854.0,proton,nucleon_like,23.395725374178504
855.0,rho,rho_like,22.086830719608205
856.0,pion,pion_like,27.151744445898622
857.0,proton,nucleon_like,19.867364576017476
858.0,proton,nucleon_like,14.95619822383167
859.0,proton,nucleon_like,21.65428408623802
860.0,proton,nucleon_like,4.300288204293466
861.0,proton,nucleon_like,17.59136142064843
862.0,proton,nucleon_like,4.818443796177192
863.0,rho,rho_like,7.248821423039118
864.0,proton,nucleon_like,20.38457121503571
865.0,proton,nucleon_like,2.8753603266132277
866.0,proton,nucleon_like,11.401400650717507
867.0,proton,nucleon_like,2.439565260153411
868.0,rho,rho_like,23.93311486410513
869.0,proton,nucleon_like,13.402823649842734
870.0,proton,nucleon_like,2.87536032661323
871.0,rho,rho_like,10.546239958274047
872.0,proton,nucleon_like,2.846159455948179
873.0,proton,nucleon_like,21.65428408623802
874.0,rho,rho_like,10.010013505937852
875.0,proton,nucleon_like,23.685462343572524
876.0,proton,nucleon_like,11.140534090017024
877.0,rho,rho_like,9.40370350492243
878.0,proton,nucleon_like,2.875360326613234
879.0,proton,nucleon_like,15.944358285629505
880.0,rho,rho_like,11.655447963654854
881.0,proton,nucleon_like,19.025380750344098
882.0,proton,nucleon_like,22.46702714161369
883.0,rho,rho_like,10.11975288954976
884.0,rho,rho_like,9.096825208928347
885.0,rho,rho_like,9.835802273209055
886.0,proton,nucleon_like,3.666986925324471
887.0,rho,rho_like,10.443092078091734
888.0,rho,rho_like,9.610493625996202
889.0,proton,nucleon_like,23.768124247384044
890.0,proton,nucleon_like,11.401400650717523
891.0,proton,nucleon_like,17.30098281354443
892.0,rho,rho_like,10.631216734351295
893.0,rho,rho_like,10.656426800272843
894.0,proton,nucleon_like,23.17778100942301
895.0,rho,rho_like,21.196005279893424
896.0,proton,nucleon_like,17.520513945936536
897.0,rho,rho_like,6.379012183081244
898.0,proton,nucleon_like,5.556139053912133
899.0,proton,nucleon_like,4.300288204293472
900.0,rho,rho_like,24.073736766987253
901.0,proton,nucleon_like,2.4395652601534152
902.0,rho,rho_like,21.08746385505246
903.0,rho,rho_like,10.631216734351298
904.0,proton,nucleon_like,6.924484193185669
905.0,rho,rho_like,11.655447963654867
906.0,proton,nucleon_like,21.267565530835807
907.0,proton,nucleon_like,4.818443796177192
908.0,proton,nucleon_like,2.439565260153407
909.0,pion,pion_like,7.900361299293438
910.0,proton,nucleon_like,2.87536032661323
911.0,proton,nucleon_like,22.46702714161369
912.0,proton,nucleon_like,2.8753603266132277
913.0,rho,rho_like,9.610493625996188
914.0,proton,nucleon_like,20.49322257855848
915.0,proton,nucleon_like,11.6100938992779
916.0,rho,rho_like,9.337859891139974
917.0,proton,nucleon_like,22.78291774952895
918.0,rho,rho_like,21.259453661549557
919.0,proton,nucleon_like,11.14053409001702
920.0,proton,nucleon_like,20.232459306103866
921.0,proton,nucleon_like,2.4395652601534135
922.0,proton,nucleon_like,3.666986925324471
923.0,rho,rho_like,6.16443253290306
924.0,proton,nucleon_like,17.300982813544426
925.0,proton,nucleon_like,19.46723770822007
926.0,proton,nucleon_like,10.140213147713297
927.0,rho,rho_like,23.634155783540532
928.0,proton,nucleon_like,2.4395652601534024
929.0,pion,pion_like,0.0
930.0,rho,rho_like,10.490123230793479
931.0,proton,nucleon_like,2.8753603266132277
932.0,proton,nucleon_like,3.666986925324475
933.0,rho,rho_like,8.880076428807032
934.0,pion,pion_like,20.15729728190712
935.0,rho,rho_like,10.119752889549765
936.0,proton,nucleon_like,17.409624615703677
937.0,proton,nucleon_like,20.49322257855848
938.0,proton,nucleon_like,17.26022594557063
939.0,pion,pion_like,11.970047074770632
940.0,proton,nucleon_like,14.718743036330382
941.0,proton,nucleon_like,20.724901196847902
942.0,proton,nucleon_like,21.65428408623801
943.0,rho,rho_like,6.348148033187937
944.0,proton,nucleon_like,21.69584567197056
945.0,pion,pion_like,18.29002969080581
946.0,proton,nucleon_like,18.442646254386634
947.0,proton,nucleon_like,14.956198223831663
948.0,rho,rho_like,11.655447963654861
949.0,proton,nucleon_like,2.846159455948176
950.0,proton,nucleon_like,20.300064598962468
951.0,proton,nucleon_like,11.610093899277883
952.0,proton,nucleon_like,18.242048046281422
953.0,proton,nucleon_like,2.87536032661323
954.0,proton,nucleon_like,23.792747869315566
955.0,pion,pion_like,12.01518980774231
956.0,proton,nucleon_like,11.14053409001702
957.0,proton,nucleon_like,17.817211448395984
958.0,proton,nucleon_like,20.49322257855848
959.0,pion,pion_like,9.77844019985521
960.0,proton,nucleon_like,11.14053409001702
961.0,proton,nucleon_like,21.440571200357855
962.0,proton,nucleon_like,24.701594977123527
963.0,rho,rho_like,10.119752889549765
964.0,proton,nucleon_like,20.384571215035713
965.0,proton,nucleon_like,6.606669550855003
966.0,pion,pion_like,15.560946288426987
967.0,proton,nucleon_like,15.520356960232055
968.0,proton,nucleon_like,17.817211448395994
969.0,proton,nucleon_like,16.255071019528614
970.0,proton,nucleon_like,2.875360326613234
971.0,proton,nucleon_like,3.666986925324475
972.0,proton,nucleon_like,2.439565260153411
973.0,pion,pion_like,15.966506670204645
974.0,proton,nucleon_like,15.403389951088261
975.0,proton,nucleon_like,20.384571215035724
976.0,proton,nucleon_like,2.846159455948176
977.0,proton,nucleon_like,20.1771458846741
978.0,proton,nucleon_like,17.997891470594027
979.0,proton,nucleon_like,3.666986925324475
980.0,proton,nucleon_like,2.8753603266132317
981.0,rho,rho_like,10.714285582010584
982.0,proton,nucleon_like,2.4395652601534006
983.0,proton,nucleon_like,11.14053409001702
984.0,proton,nucleon_like,20.391963920981105
985.0,proton,nucleon_like,7.21432931873414
986.0,proton,nucleon_like,24.283187422131938
987.0,rho,rho_like,19.964549768012557
988.0,proton,nucleon_like,2.8461594559481744
989.0,proton,nucleon_like,16.418242119897233
990.0,proton,nucleon_like,4.300288204293469
991.0,proton,nucleon_like,21.654284086238015
992.0,proton,nucleon_like,4.300288204293469
993.0,rho,rho_like,9.403703506827622
994.0,rho,rho_like,8.840885825080756
995.0,proton,nucleon_like,2.4395652601534046
996.0,proton,nucleon_like,17.300982813544422
997.0,proton,nucleon_like,5.278332096947283
998.0,pion,pion_like,14.479451937019894
999.0,rho,rho_like,8.819657942781339
1000.0,pion,pion_like,27.770003614858584
1001.0,rho,rho_like,10.119752889549769
1002.0,rho,rho_like,7.976094117143953
1003.0,rho,rho_like,11.632098549517762
1004.0,proton,nucleon_like,2.4395652601533944
1005.0,rho,rho_like,11.230863969217497
1006.0,pion,pion_like,14.028829290600275
1007.0,proton,nucleon_like,21.654284086238018
1008.0,proton,nucleon_like,19.025380750344095
1009.0,rho,rho_like,9.337859891139981
1010.0,rho,rho_like,5.9616633442029885
1011.0,pion,pion_like,12.496712292773562
1012.0,proton,nucleon_like,20.493222578558477
1013.0,proton,nucleon_like,7.261772585820612
1014.0,proton,nucleon_like,22.182713452259595
1015.0,proton,nucleon_like,11.140534090017022
1016.0,rho,rho_like,21.353246921389037
1017.0,proton,nucleon_like,2.4395652601534046
1018.0,proton,nucleon_like,2.439565260153403
1019.0,proton,nucleon_like,2.846159455948189
1020.0,proton,nucleon_like,20.612369333092733
1021.0,proton,nucleon_like,2.4395652601533984
1022.0,proton,nucleon_like,21.924987075019555
1023.0,rho,rho_like,9.882098564741813
1024.0,proton,nucleon_like,2.8753603266132277
1025.0,pion,pion_like,0.0
1026.0,rho,rho_like,5.568312657482503
1027.0,proton,nucleon_like,2.4395652601534046
1028.0,proton,nucleon_like,21.924987075019565
1029.0,proton,nucleon_like,2.8753603266132317
1030.0,proton,nucleon_like,25.43132099377135
1031.0,proton,nucleon_like,24.417281287769434
1032.0,proton,nucleon_like,22.78291774952895
1033.0,proton,nucleon_like,6.9279428922566675
1034.0,proton,nucleon_like,2.4395652601534135
1035.0,proton,nucleon_like,16.91381133740576
1036.0,pion,pion_like,14.671329967108253
1037.0,proton,nucleon_like,22.46702714161369
1038.0,rho,rho_like,22.978659031221998
1039.0,proton,nucleon_like,2.846159455948179
1040.0,proton,nucleon_like,19.162312877217516
1041.0,proton,nucleon_like,17.817211448395984
1042.0,proton,nucleon_like,16.91381133740576
1043.0,proton,nucleon_like,20.232459306103856
1044.0,proton,nucleon_like,2.4395652601534024
1045.0,rho,rho_like,18.63637181210895
1046.0,rho,rho_like,10.631216734351304
1047.0,pion,pion_like,15.560946288426983
1048.0,proton,nucleon_like,19.0253807503441
1049.0,rho,rho_like,11.655447963654861
1050.0,proton,nucleon_like,20.384571215035724
1051.0,proton,nucleon_like,21.92498707501956
1052.0,rho,rho_like,9.403703506827624
1053.0,proton,nucleon_like,20.384571215035724
1054.0,rho,rho_like,22.086830719608205
1055.0,proton,nucleon_like,2.875360326613234
1056.0,pion,pion_like,27.770003614858584
1057.0,rho,rho_like,10.570664096501096
1058.0,proton,nucleon_like,20.493222578558473
1059.0,rho,rho_like,19.380464304701338
1060.0,proton,nucleon_like,22.791018489874787
1061.0,proton,nucleon_like,17.99789147059402
1062.0,proton,nucleon_like,5.250240122746963
1063.0,rho,rho_like,9.096825208928351
1064.0,proton,nucleon_like,14.718743036330382
1065.0,proton,nucleon_like,19.139405687493102
1066.0,proton,nucleon_like,21.69584567197056
1067.0,proton,nucleon_like,22.278983291118504
1068.0,rho,rho_like,10.119752889549762
1069.0,proton,nucleon_like,2.4395652601534024
1070.0,proton,nucleon_like,9.562573958959396
1071.0,proton,nucleon_like,4.300288204293469
1072.0,rho,rho_like,10.631216734351304
1073.0,proton,nucleon_like,9.126191824403485
1074.0,rho,rho_like,10.631216734351305
1075.0,rho,rho_like,10.119752889549764
1076.0,proton,nucleon_like,3.666986925324473
1077.0,proton,nucleon_like,16.913811337405768
1078.0,proton,nucleon_like,16.913811337405768
1079.0,proton,nucleon_like,2.439565260153409
1080.0,proton,nucleon_like,11.610093899277894
1081.0,proton,nucleon_like,21.654284086238015
1082.0,rho,rho_like,19.964549768012553
1083.0,rho,rho_like,7.633073279511498
1084.0,rho,rho_like,22.456172273022574
1085.0,proton,nucleon_like,20.38457121503572
1086.0,proton,nucleon_like,14.718743036330387
1087.0,proton,nucleon_like,20.724901196847892
1088.0,rho,rho_like,10.656426800272854
1089.0,proton,nucleon_like,2.439565260153411
1090.0,rho,rho_like,9.88209856474182
1091.0,proton,nucleon_like,18.841186621103382
1092.0,proton,nucleon_like,11.14053409001701
1093.0,proton,nucleon_like,18.42241381074779
1094.0,rho,rho_like,9.88209856474182
1095.0,rho,rho_like,10.714285582010584
1096.0,rho,rho_like,8.045678844992535
1097.0,rho,rho_like,9.882098564741801
1098.0,proton,nucleon_like,18.94556329433979
1099.0,proton,nucleon_like,11.140534090017015
1100.0,proton,nucleon_like,15.099462267199648
1101.0,rho,rho_like,10.280246699554354
1102.0,proton,nucleon_like,3.4153913300608583
1103.0,proton,nucleon_like,11.807639586358185
1104.0,pion,pion_like,12.496712292773562
1105.0,proton,nucleon_like,2.875360326613234
1106.0,rho,rho_like,5.776014038038628
1107.0,pion,pion_like,18.290029690805817
1108.0,proton,nucleon_like,5.7071041949303165
1109.0,proton,nucleon_like,15.403389951088256
1110.0,pion,pion_like,25.73858063113299
1111.0,proton,nucleon_like,15.403389951088254
1112.0,rho,rho_like,10.631216734351298
1113.0,rho,rho_like,23.39265698005476
1114.0,proton,nucleon_like,13.271974094697601
1115.0,proton,nucleon_like,2.875360326613234
1116.0,proton,nucleon_like,21.492170804959326
1117.0,proton,nucleon_like,4.754803996120105
1118.0,proton,nucleon_like,19.31562604490523
1119.0,rho,rho_like,10.656426800272854
1120.0,proton,nucleon_like,2.439565260153411
1121.0,proton,nucleon_like,9.506911868744304
1122.0,proton,nucleon_like,24.29059925417004
1123.0,proton,nucleon_like,2.846159455948176
1124.0,proton,nucleon_like,14.718743036330375
1125.0,proton,nucleon_like,7.334537088051444
1126.0,proton,nucleon_like,18.841186621103382
1127.0,proton,nucleon_like,3.6669869253244665
1128.0,proton,nucleon_like,2.4395652601533984
1129.0,proton,nucleon_like,15.966139513659996
1130.0,proton,nucleon_like,22.46702714161368
1131.0,proton,nucleon_like,17.817211448395994
1132.0,proton,nucleon_like,21.440571200357855
1133.0,proton,nucleon_like,18.42241381074779
1134.0,proton,nucleon_like,11.14053409001702
1135.0,rho,rho_like,10.537154383495231
1136.0,proton,nucleon_like,19.94159760331397
1137.0,proton,nucleon_like,19.37236572920128
1138.0,rho,rho_like,9.88209856474182
1139.0,proton,nucleon_like,5.90881712791468
1140.0,rho,rho_like,9.835802273209044
1141.0,proton,nucleon_like,15.40815161406114
1142.0,proton,nucleon_like,21.440571200357844
1143.0,proton,nucleon_like,20.49322257855849
1144.0,proton,nucleon_like,17.817211448395977
1145.0,rho,rho_like,5.551851746416098
1146.0,pion,pion_like,9.499557328402751
1147.0,proton,nucleon_like,17.817211448395984
1148.0,rho,rho_like,10.631216734351298
1149.0,proton,nucleon_like,17.817211448395984
1150.0,proton,nucleon_like,20.213540492128832
1151.0,rho,rho_like,6.7386472241016335
1152.0,rho,rho_like,8.818708267914937
1153.0,rho,rho_like,9.610493625996195
1154.0,rho,rho_like,7.983950428493527
1155.0,proton,nucleon_like,20.232459306103856
1156.0,proton,nucleon_like,19.372365729201288
1157.0,rho,rho_like,23.39265698005476
1158.0,proton,nucleon_like,6.363341528937722
1159.0,proton,nucleon_like,4.300288204293469
1160.0,proton,nucleon_like,22.79101848987479
1161.0,proton,nucleon_like,21.256631306957484
1162.0,proton,nucleon_like,2.439565260153407
1163.0,rho,rho_like,22.05802413821004
1164.0,rho,rho_like,10.631216734351302
1165.0,rho,rho_like,10.119752889549769
1166.0,proton,nucleon_like,2.8753603266132277
1167.0,rho,rho_like,21.196005279893424
1168.0,proton,nucleon_like,2.4395652601534046
1169.0,proton,nucleon_like,20.300064598962464
1170.0,rho,rho_like,9.882098564741806
1171.0,rho,rho_like,9.403703506827624
1172.0,pion,pion_like,17.93325647861028
1173.0,proton,nucleon_like,11.140534090017008
1174.0,rho,rho_like,9.337859891139988
1175.0,proton,nucleon_like,2.4395652601534046
1176.0,proton,nucleon_like,2.846159455948183
1177.0,proton,nucleon_like,2.846159455948183
1178.0,proton,nucleon_like,18.43372017631068
1179.0,proton,nucleon_like,9.506911868744309
1180.0,proton,nucleon_like,2.439565260153409
1181.0,proton,nucleon_like,4.818443796177192
1182.0,pion,pion_like,13.040366711357233
1183.0,proton,nucleon_like,19.585827681993543
1184.0,proton,nucleon_like,21.65428408623802
1185.0,rho,rho_like,10.119752889549765
1186.0,proton,nucleon_like,14.956198223831663
1187.0,proton,nucleon_like,20.384571215035724
1188.0,rho,rho_like,10.119752889549769
1189.0,proton,nucleon_like,11.14053409001702
1190.0,proton,nucleon_like,20.61236933309273
1191.0,proton,nucleon_like,11.14053409001702
1192.0,rho,rho_like,7.016049254611188
1193.0,proton,nucleon_like,5.977462918832165
1194.0,proton,nucleon_like,23.39572537417851
1195.0,rho,rho_like,9.403703506827624
1196.0,proton,nucleon_like,11.401400650717505
1197.0,pion,pion_like,27.719036013116366
1198.0,proton,nucleon_like,18.555727653741087
1199.0,proton,nucleon_like,2.439565260153409
1200.0,pion,pion_like,12.992397203835143
1201.0,proton,nucleon_like,2.875360326613232
1202.0,proton,nucleon_like,2.875360326613234
1203.0,proton,nucleon_like,3.6669869253244727
1204.0,rho,rho_like,6.564197398251094
1205.0,proton,nucleon_like,23.685462343572528
1206.0,proton,nucleon_like,11.14053409001702
1207.0,pion,pion_like,27.81788227104067
1208.0,proton,nucleon_like,15.099462267199648
1209.0,proton,nucleon_like,2.8461594559481806
1210.0,rho,rho_like,22.456172273022577
1211.0,proton,nucleon_like,8.107575473014785
1212.0,proton,nucleon_like,2.846159455948187
1213.0,proton,nucleon_like,16.91381133740576
1214.0,proton,nucleon_like,11.401400650717504
1215.0,proton,nucleon_like,11.140534090017013
1216.0,proton,nucleon_like,19.585827681993543
1217.0,proton,nucleon_like,21.267565530835803
1218.0,rho,rho_like,22.058024138210044
1219.0,proton,nucleon_like,14.76132665774459
1220.0,proton,nucleon_like,2.875360326613226
1221.0,proton,nucleon_like,18.945563294339788
1222.0,proton,nucleon_like,22.782917749528956
1223.0,rho,rho_like,19.964549768012557
1224.0,proton,nucleon_like,18.945563294339784
1225.0,proton,nucleon_like,2.439565260153407
1226.0,proton,nucleon_like,8.052783120399013
1227.0,proton,nucleon_like,19.13940568749311
1228.0,proton,nucleon_like,2.4395652601534006
1229.0,proton,nucleon_like,10.736696279072001
1230.0,proton,nucleon_like,9.60651771439235
1231.0,proton,nucleon_like,20.61236933309273
1232.0,proton,nucleon_like,21.12464780383933
1233.0,proton,nucleon_like,11.401400650717495
1234.0,rho,rho_like,6.81385446640458
1235.0,proton,nucleon_like,7.922426543056124
1236.0,proton,nucleon_like,20.493222578558473
1237.0,proton,nucleon_like,15.408151614061135
1238.0,rho,rho_like,21.08746385505246
1239.0,proton,nucleon_like,2.4395652601533984
1240.0,rho,rho_like,10.119752889549769
1241.0,rho,rho_like,9.88209856474182
1242.0,proton,nucleon_like,23.395725374178504
1243.0,proton,nucleon_like,17.271012952912606
1244.0,proton,nucleon_like,2.87536032661323
1245.0,proton,nucleon_like,13.344824022719283
1246.0,rho,rho_like,21.259453661549546
1247.0,rho,rho_like,12.24279820276381
1248.0,proton,nucleon_like,11.140534090017036
1249.0,proton,nucleon_like,23.177781009423015
1250.0,rho,rho_like,10.119752889549758
1251.0,proton,nucleon_like,4.818443796177194
1252.0,proton,nucleon_like,20.391963920981105
1253.0,rho,rho_like,9.610493625996202
1254.0,rho,rho_like,8.641975201950926
1255.0,rho,rho_like,22.086830719608194
1256.0,proton,nucleon_like,23.792747869315562
1257.0,proton,nucleon_like,6.59791514253029
1258.0,proton,nucleon_like,9.562573958959387
1259.0,proton,nucleon_like,19.585827681993543
1260.0,proton,nucleon_like,3.6968168187419623
1261.0,pion,pion_like,12.49671229277357
1262.0,rho,rho_like,10.01001350593786
1263.0,proton,nucleon_like,2.4395652601534135
1264.0,rho,rho_like,10.656426800272854
1265.0,rho,rho_like,9.096825208928356
1266.0,proton,nucleon_like,8.760257048188201
1267.0,proton,nucleon_like,3.666986925324477
1268.0,rho,rho_like,24.617694850568927
1269.0,proton,nucleon_like,21.44057120035784
1270.0,proton,nucleon_like,3.666986925324471
1271.0,proton,nucleon_like,23.177781009423
1272.0,rho,rho_like,10.631216734351302
1273.0,proton,nucleon_like,19.088394531400123
1274.0,rho,rho_like,23.933114864105136
1275.0,rho,rho_like,20.19382666021431
1276.0,proton,nucleon_like,24.283187422131938
1277.0,pion,pion_like,25.460779197461115
1278.0,rho,rho_like,9.851052803810507
1279.0,proton,nucleon_like,21.25663130695748
1280.0,proton,nucleon_like,20.391963920981105
1281.0,rho,rho_like,22.086830719608205
1282.0,rho,rho_like,6.755829820572743
1283.0,proton,nucleon_like,13.799531599356051
1284.0,rho,rho_like,10.152241502578104
1285.0,proton,nucleon_like,18.24204804628142
1286.0,proton,nucleon_like,20.72490119684791
1287.0,proton,nucleon_like,25.523885217521205
1288.0,proton,nucleon_like,21.267565530835817
1289.0,proton,nucleon_like,2.846159455948179
1290.0,pion,pion_like,14.028829290600278
1291.0,rho,rho_like,10.716460692913078
1292.0,rho,rho_like,10.11975288954976
1293.0,proton,nucleon_like,7.922426543056137
1294.0,rho,rho_like,10.631216734351305
1295.0,proton,nucleon_like,27.441327264940984
1296.0,proton,nucleon_like,2.846159455948183
1297.0,proton,nucleon_like,3.3466399864276837
1298.0,proton,nucleon_like,15.403389951088254
1299.0,rho,rho_like,10.631216734351295
1300.0,proton,nucleon_like,3.666986925324471
1301.0,proton,nucleon_like,16.855177964539383
1302.0,rho,rho_like,10.57066409650109
1303.0,proton,nucleon_like,4.300288204293468
1304.0,proton,nucleon_like,19.088394531400134
1305.0,proton,nucleon_like,25.523885217521205
1306.0,rho,rho_like,23.634155783540532
1307.0,proton,nucleon_like,24.701594977123527
1308.0,proton,nucleon_like,2.8753603266132277
1309.0,proton,nucleon_like,3.666986925324477
1310.0,proton,nucleon_like,4.429474262946348
1311.0,proton,nucleon_like,11.40140065071751
1312.0,proton,nucleon_like,11.140534090017022
1313.0,proton,nucleon_like,3.415391330060852
1314.0,proton,nucleon_like,23.792747869315576
1315.0,proton,nucleon_like,2.4395652601534046
1316.0,proton,nucleon_like,21.69584567197056
1317.0,rho,rho_like,9.337859891139962
1318.0,proton,nucleon_like,17.30098281354443
1319.0,proton,nucleon_like,20.493222578558477
1320.0,proton,nucleon_like,19.867364576017494
1321.0,proton,nucleon_like,21.224217512466033
1322.0,proton,nucleon_like,23.582463893252836
1323.0,proton,nucleon_like,2.875360326613232
1324.0,proton,nucleon_like,15.403389951088243
1325.0,proton,nucleon_like,2.4395652601534175
1326.0,proton,nucleon_like,20.493222578558477
1327.0,proton,nucleon_like,20.38457121503572
1328.0,rho,rho_like,18.657475544245365
1329.0,rho,rho_like,9.672222013917244
1330.0,rho,rho_like,11.344718565189329
1331.0,proton,nucleon_like,11.140534090017026
1332.0,proton,nucleon_like,20.49322257855848
1333.0,rho,rho_like,10.119752889549769
1334.0,proton,nucleon_like,22.782917749528956
1335.0,rho,rho_like,8.403703543974405
1336.0,proton,nucleon_like,19.02538075034409
1337.0,proton,nucleon_like,18.84118662110337
1338.0,pion,pion_like,14.369299734561764
1339.0,rho,rho_like,19.058024224577977
1340.0,proton,nucleon_like,19.372365729201288
1341.0,proton,nucleon_like,11.61009389927788
1342.0,proton,nucleon_like,16.68620376210074
1343.0,rho,rho_like,22.058024138210044
1344.0,proton,nucleon_like,16.418242119897233
1345.0,proton,nucleon_like,2.87536032661323
1346.0,rho,rho_like,10.716460692913074
1347.0,rho,rho_like,10.631216734351298
1348.0,proton,nucleon_like,19.738300505416582
1349.0,rho,rho_like,9.337859891139981
1350.0,proton,nucleon_like,16.296612521646455
1351.0,proton,nucleon_like,20.30006459896248
1352.0,proton,nucleon_like,15.40815161406114
1353.0,rho,rho_like,21.11563732979568
1354.0,rho,rho_like,9.403703506827622
1355.0,proton,nucleon_like,20.38457121503571
1356.0,rho,rho_like,11.916049066281985
1357.0,proton,nucleon_like,19.088394531400137
1358.0,proton,nucleon_like,17.591361420648433
1359.0,proton,nucleon_like,2.4395652601533984
1360.0,proton,nucleon_like,2.87536032661323
1361.0,proton,nucleon_like,4.818443796177194
1362.0,proton,nucleon_like,21.92498707501956
1363.0,proton,nucleon_like,11.401400650717505
1364.0,rho,rho_like,10.631216734351302
1365.0,proton,nucleon_like,2.439565260153411
1366.0,proton,nucleon_like,3.666986925324477
1367.0,rho,rho_like,20.514814309296764
1368.0,rho,rho_like,9.610493625996195
1369.0,proton,nucleon_like,5.250240122746959
1370.0,proton,nucleon_like,18.407628563473263
1371.0,proton,nucleon_like,21.267565530835814
1372.0,proton,nucleon_like,19.088394531400134
1373.0,proton,nucleon_like,22.78291774952895
1374.0,rho,rho_like,19.964549768012557
1375.0,proton,nucleon_like,2.4395652601533984
1376.0,proton,nucleon_like,17.817211448395984
1377.0,proton,nucleon_like,22.78291774952894
1378.0,proton,nucleon_like,22.2789832911185
1379.0,proton,nucleon_like,2.4395652601534006
1380.0,rho,rho_like,9.403703506827622
1381.0,rho,rho_like,10.631216734351304
1382.0,proton,nucleon_like,15.558625819989025
1383.0,rho,rho_like,16.663336748634805
1384.0,proton,nucleon_like,17.817211448395984
1385.0,pion,pion_like,14.671329967108253
1386.0,proton,nucleon_like,11.401400650717498
1387.0,proton,nucleon_like,2.875360326613232
1388.0,proton,nucleon_like,15.953278099728124
1389.0,proton,nucleon_like,18.449872127114787
1390.0,rho,rho_like,10.716460692913074
1391.0,proton,nucleon_like,2.87536032661323
1392.0,proton,nucleon_like,2.4395652601534046
1393.0,rho,rho_like,22.058024138210047
1394.0,rho,rho_like,25.69470834589964
1395.0,pion,pion_like,27.770003614858584
1396.0,rho,rho_like,22.45617227302257
1397.0,proton,nucleon_like,9.562573958959392
1398.0,rho,rho_like,9.09682520892835
1399.0,proton,nucleon_like,2.846159455948179
1400.0,rho,rho_like,10.631216734351298
1401.0,proton,nucleon_like,17.81721144839598
1402.0,rho,rho_like,8.818708267914943
1403.0,pion,pion_like,0.0
1404.0,proton,nucleon_like,22.78291774952894
1405.0,proton,nucleon_like,8.760257048188192
1406.0,proton,nucleon_like,16.418242119897233
1407.0,rho,rho_like,10.631216734351295
1408.0,proton,nucleon_like,10.16023483673089
1409.0,rho,rho_like,9.792955497531873
1410.0,proton,nucleon_like,2.8753603266132317
1411.0,proton,nucleon_like,23.177781009423015
1412.0,rho,rho_like,7.983950428493527
1413.0,proton,nucleon_like,2.4395652601534024
1414.0,rho,rho_like,24.073736766987263
1415.0,proton,nucleon_like,18.9455632943398
1416.0,proton,nucleon_like,18.945563294339777
1417.0,proton,nucleon_like,2.87536032661323
1418.0,proton,nucleon_like,17.81721144839598
1419.0,proton,nucleon_like,19.372365729201288
1420.0,proton,nucleon_like,21.69584567197056
1421.0,rho,rho_like,9.469547118704874
1422.0,proton,nucleon_like,21.654284086238018
1423.0,proton,nucleon_like,21.924987075019565
1424.0,rho,rho_like,9.851052803810514
1425.0,proton,nucleon_like,18.841186621103372
1426.0,proton,nucleon_like,23.39572537417851
1427.0,pion,pion_like,8.810055766753047
1428.0,proton,nucleon_like,11.14053409001701
1429.0,proton,nucleon_like,21.124647803839345
1430.0,rho,rho_like,10.119752889549765
1431.0,rho,rho_like,9.882098564741808
1432.0,proton,nucleon_like,9.126191824403499
1433.0,proton,nucleon_like,20.891549521767452
1434.0,pion,pion_like,15.867369687992326
1435.0,rho,rho_like,10.631216734351304
1436.0,rho,rho_like,10.631216734351298
1437.0,proton,nucleon_like,23.685462343572524
1438.0,proton,nucleon_like,6.363341528937717
1439.0,rho,rho_like,10.119752889549764
1440.0,rho,rho_like,11.419752945435153
1441.0,proton,nucleon_like,6.597915142530295
1442.0,rho,rho_like,9.249569535790965
1443.0,proton,nucleon_like,22.78291774952895
1444.0,pion,pion_like,11.970047074770632
1445.0,proton,nucleon_like,20.300064598962468
1446.0,proton,nucleon_like,20.384571215035717
1447.0,rho,rho_like,9.610493625996195
1448.0,proton,nucleon_like,21.65428408623801
1449.0,rho,rho_like,19.05802422457797
1450.0,proton,nucleon_like,5.302727757254848
1451.0,proton,nucleon_like,22.278983291118507
1452.0,proton,nucleon_like,20.49322257855848
1453.0,proton,nucleon_like,21.900642411074475
1454.0,proton,nucleon_like,2.8753603266132317
1455.0,pion,pion_like,27.243338396855652
1456.0,rho,rho_like,23.392656980054756
1457.0,rho,rho_like,12.125220308859715
1458.0,proton,nucleon_like,3.666986925324479
1459.0,proton,nucleon_like,11.14053409001702
1460.0,proton,nucleon_like,2.846159455948183
1461.0,proton,nucleon_like,18.945563294339777
1462.0,rho,rho_like,8.50168339672445
1463.0,rho,rho_like,10.119752889549764
1464.0,rho,rho_like,10.640418457570945
1465.0,pion,pion_like,25.73858063113299
1466.0,proton,nucleon_like,2.8753603266132317
1467.0,rho,rho_like,26.03127506319049
1468.0,proton,nucleon_like,4.818443796177192
1469.0,proton,nucleon_like,18.841186621103382
1470.0,proton,nucleon_like,3.2159921928544892
1471.0,proton,nucleon_like,15.944358285629493
1472.0,rho,rho_like,11.282865392048093
1473.0,proton,nucleon_like,2.4395652601534006
1474.0,pion,pion_like,27.664670571258
1475.0,proton,nucleon_like,11.610093899277883
1476.0,proton,nucleon_like,10.124195796499217
1477.0,proton,nucleon_like,4.252197260311972
1478.0,rho,rho_like,9.955143827785811
1479.0,proton,nucleon_like,21.695845671970552
1480.0,rho,rho_like,11.630282960628426
1481.0,proton,nucleon_like,20.612369333092737
1482.0,rho,rho_like,8.41193398617123
1483.0,proton,nucleon_like,2.87536032661323
1484.0,proton,nucleon_like,11.610093899277896
1485.0,proton,nucleon_like,15.966139513660002
1486.0,proton,nucleon_like,19.312618323942196
1487.0,pion,pion_like,7.440726199945413
1488.0,rho,rho_like,10.631216734351295
1489.0,proton,nucleon_like,22.278983291118507
1490.0,rho,rho_like,22.456172273022574
1491.0,rho,rho_like,10.631216734351295
1492.0,rho,rho_like,9.469547118704881
1493.0,proton,nucleon_like,6.353258254197722
1494.0,rho,rho_like,23.93311486410513
1495.0,proton,nucleon_like,20.78870046670427
1496.0,proton,nucleon_like,23.07606929573078
1497.0,proton,nucleon_like,11.140534090017022
1498.0,rho,rho_like,7.633073279511498
1499.0,proton,nucleon_like,2.4395652601534006
1500.0,pion,pion_like,14.671329967108246
1501.0,proton,nucleon_like,11.140534090017015
1502.0,proton,nucleon_like,2.875360326613236
1503.0,proton,nucleon_like,20.300064598962475
1504.0,proton,nucleon_like,20.49322257855848
1505.0,proton,nucleon_like,2.439565260153411
1506.0,rho,rho_like,9.835802273209051
1507.0,proton,nucleon_like,20.232459306103863
1508.0,rho,rho_like,9.403703506827624
1509.0,rho,rho_like,10.064883184089904
1510.0,proton,nucleon_like,15.075773824320114
1511.0,rho,rho_like,10.010013505937867
1512.0,proton,nucleon_like,2.87536032661323
1513.0,pion,pion_like,27.862944535682637
1514.0,proton,nucleon_like,21.267565530835807
1515.0,pion,pion_like,18.290029690805813
1516.0,rho,rho_like,7.18971178077265
1517.0,rho,rho_like,9.337859891139981
1518.0,proton,nucleon_like,20.384571215035724
1519.0,proton,nucleon_like,18.945563294339784
1520.0,rho,rho_like,9.672222013917233
1521.0,proton,nucleon_like,23.17778100942301
1522.0,proton,nucleon_like,12.053852718677486
1523.0,proton,nucleon_like,13.34482402271928
1524.0,rho,rho_like,10.119752889549773
1525.0,proton,nucleon_like,22.34128158757557
1526.0,proton,nucleon_like,20.493222578558473
1527.0,proton,nucleon_like,15.403389951088254
1528.0,pion,pion_like,15.130038382788225
1529.0,pion,pion_like,27.664670571258
1530.0,rho,rho_like,9.88209856474181
1531.0,rho,rho_like,16.663336748634812
1532.0,proton,nucleon_like,2.439565260153396
1533.0,rho,rho_like,9.792955497531874
1534.0,proton,nucleon_like,22.94420285427111
1535.0,proton,nucleon_like,23.79274786931557
1536.0,proton,nucleon_like,2.84615945594817
1537.0,rho,rho_like,9.882098564741819
1538.0,proton,nucleon_like,8.107575473014785
1539.0,proton,nucleon_like,7.10304863634535
1540.0,proton,nucleon_like,11.140534090017036
1541.0,proton,nucleon_like,15.966139513660007
1542.0,proton,nucleon_like,17.817211448395984
1543.0,proton,nucleon_like,3.666986925324477
1544.0,proton,nucleon_like,20.891549521767452
1545.0,proton,nucleon_like,2.4395652601534046
1546.0,rho,rho_like,7.5396824466000405
1547.0,proton,nucleon_like,15.95327809972813
1548.0,proton,nucleon_like,19.088394531400134
1549.0,proton,nucleon_like,18.422413810747795
1550.0,rho,rho_like,9.882098564741803
1551.0,proton,nucleon_like,2.4395652601534046
1552.0,proton,nucleon_like,15.408151614061127
1553.0,proton,nucleon_like,18.945563294339784
1554.0,proton,nucleon_like,22.46702714161369
1555.0,proton,nucleon_like,7.922426543056131
1556.0,rho,rho_like,10.656426800272857
1557.0,proton,nucleon_like,19.08839453140012
1558.0,rho,rho_like,10.656426800272852
1559.0,pion,pion_like,14.904324717929825
1560.0,proton,nucleon_like,3.4153913300608583
1561.0,rho,rho_like,10.631216734351304
1562.0,rho,rho_like,10.631216734351298
1563.0,rho,rho_like,10.119752889549764
1564.0,proton,nucleon_like,23.855331092665676
1565.0,proton,nucleon_like,2.875360326613234
1566.0,proton,nucleon_like,18.442646254386627
1567.0,pion,pion_like,27.770003614858584
1568.0,proton,nucleon_like,11.401400650717513
1569.0,proton,nucleon_like,18.242048046281422
1570.0,proton,nucleon_like,2.8753603266132277
1571.0,rho,rho_like,9.792955497531867
1572.0,proton,nucleon_like,21.524850800736452
1573.0,proton,nucleon_like,7.252045423849317
1574.0,proton,nucleon_like,2.8753603266132277
1575.0,rho,rho_like,13.199999735809495
1576.0,proton,nucleon_like,2.846159455948179
1577.0,proton,nucleon_like,6.845567943155693
1578.0,proton,nucleon_like,11.401400650717507
1579.0,proton,nucleon_like,8.912729871611235
1580.0,proton,nucleon_like,2.846159455948179
1581.0,proton,nucleon_like,17.591361420648433
1582.0,proton,nucleon_like,17.271012952912606
1583.0,proton,nucleon_like,19.025380750344095
1584.0,proton,nucleon_like,2.87536032661323
1585.0,proton,nucleon_like,19.0253807503441
1586.0,proton,nucleon_like,19.025380750344087
1587.0,pion,pion_like,27.905431813773625
1588.0,proton,nucleon_like,22.66174644321274
1589.0,proton,nucleon_like,2.87536032661323
1590.0,proton,nucleon_like,20.300064598962468
1591.0,proton,nucleon_like,19.942336880273384
1592.0,rho,rho_like,10.119752889549765
1593.0,rho,rho_like,10.656426800272854
1594.0,rho,rho_like,10.631216734351304
1595.0,proton,nucleon_like,5.250240122746959
1596.0,proton,nucleon_like,7.665224906491572
1597.0,proton,nucleon_like,2.8753603266132317
1598.0,pion,pion_like,9.22672241953082
1599.0,proton,nucleon_like,19.941597603313962
1600.0,pion,pion_like,9.126054897554795
1601.0,proton,nucleon_like,3.666986925324479
1602.0,pion,pion_like,27.770003614858584
1603.0,rho,rho_like,19.380464304701338
1604.0,proton,nucleon_like,2.439565260153411
1605.0,rho,rho_like,10.631216734351302
1606.0,proton,nucleon_like,20.38457121503572
1607.0,rho,rho_like,10.152241502578114
1608.0,proton,nucleon_like,23.177781009423004
1609.0,proton,nucleon_like,17.260225945570618
1610.0,proton,nucleon_like,2.439565260153411
1611.0,proton,nucleon_like,15.966139513660007
1612.0,proton,nucleon_like,2.87536032661323
1613.0,proton,nucleon_like,2.8753603266132317
1614.0,proton,nucleon_like,3.666986925324473
1615.0,proton,nucleon_like,2.439565260153409
1616.0,proton,nucleon_like,4.505608556969262
1617.0,proton,nucleon_like,2.846159455948179
1618.0,proton,nucleon_like,20.493222578558473
1619.0,proton,nucleon_like,20.300064598962457
1620.0,rho,rho_like,6.348148033187933
1621.0,proton,nucleon_like,20.493222578558473
1622.0,proton,nucleon_like,19.088394531400134
1623.0,proton,nucleon_like,21.267565530835817
1624.0,proton,nucleon_like,20.493222578558473
1625.0,proton,nucleon_like,21.92498707501956
1626.0,proton,nucleon_like,2.4395652601534024
1627.0,rho,rho_like,11.487036810154098
1628.0,rho,rho_like,9.955143827785811
1629.0,rho,rho_like,10.119752889549769
1630.0,proton,nucleon_like,13.799531599356046
1631.0,proton,nucleon_like,2.8461594559481727
1632.0,rho,rho_like,8.819657942781332
1633.0,proton,nucleon_like,11.140534090017034
1634.0,proton,nucleon_like,2.8753603266132277
1635.0,proton,nucleon_like,21.524850800736456
1636.0,pion,pion_like,17.552698385601712
1637.0,rho,rho_like,10.546239958274054
1638.0,proton,nucleon_like,13.799531599356039
1639.0,proton,nucleon_like,2.8753603266132317
1640.0,proton,nucleon_like,2.4395652601534152
1641.0,proton,nucleon_like,22.4670271416137
1642.0,proton,nucleon_like,20.232459306103863
1643.0,proton,nucleon_like,11.610093899277878
1644.0,rho,rho_like,9.610493625996202
1645.0,proton,nucleon_like,8.912729871611235
1646.0,pion,pion_like,13.45975726283607
1647.0,proton,nucleon_like,20.38457121503572
1648.0,proton,nucleon_like,23.582463893252843
1649.0,proton,nucleon_like,19.025380750344095
1650.0,proton,nucleon_like,11.401400650717507
1651.0,proton,nucleon_like,9.031319845384713
1652.0,rho,rho_like,22.978659031222
1653.0,proton,nucleon_like,3.666986925324475
1654.0,rho,rho_like,10.119752889549764
1655.0,proton,nucleon_like,20.788700466704263
1656.0,rho,rho_like,10.119752889549765
1657.0,proton,nucleon_like,2.846159455948179
1658.0,proton,nucleon_like,7.665224906491572
1659.0,proton,nucleon_like,17.300982813544426
1660.0,proton,nucleon_like,16.49332858779216
1661.0,proton,nucleon_like,6.606669550855007
1662.0,proton,nucleon_like,16.373323622884193
1663.0,proton,nucleon_like,20.232459306103863
1664.0,proton,nucleon_like,17.169723312043033
1665.0,proton,nucleon_like,21.224217512466033
1666.0,proton,nucleon_like,11.14053409001702
1667.0,rho,rho_like,10.119752889549765
1668.0,proton,nucleon_like,25.431320993771344
1669.0,proton,nucleon_like,2.4395652601534046
1670.0,proton,nucleon_like,21.92498707501955
1671.0,rho,rho_like,9.403703504922422
1672.0,proton,nucleon_like,2.87536032661323
1673.0,proton,nucleon_like,13.693043586727526
1674.0,rho,rho_like,9.672222013917244
1675.0,rho,rho_like,6.738647224101632
1676.0,pion,pion_like,27.905431813773625
1677.0,pion,pion_like,8.810055766753043
1678.0,proton,nucleon_like,19.139405687493102
1679.0,rho,rho_like,25.694708345899645
1680.0,proton,nucleon_like,2.87536032661323
1681.0,rho,rho_like,9.403703506827622
1682.0,rho,rho_like,9.792955497531862
1683.0,pion,pion_like,12.49671229277357
1684.0,rho,rho_like,9.403703506827622
1685.0,proton,nucleon_like,17.300982813544426
1686.0,proton,nucleon_like,2.439565260153411
1687.0,rho,rho_like,9.792955497531874
1688.0,rho,rho_like,10.631216734351298
1689.0,proton,nucleon_like,19.088394531400134
1690.0,proton,nucleon_like,18.84118662110339
1691.0,rho,rho_like,6.81385446640458
1692.0,proton,nucleon_like,2.4395652601534024
1693.0,proton,nucleon_like,20.61236933309273
1694.0,proton,nucleon_like,15.408151614061152
1695.0,pion,pion_like,27.81788227104067
1696.0,rho,rho_like,6.054938142351933
1697.0,proton,nucleon_like,8.691611257270708
1698.0,rho,rho_like,22.45617227302257
1699.0,proton,nucleon_like,2.4395652601534046
1700.0,proton,nucleon_like,2.8461594559481727
1701.0,proton,nucleon_like,9.562573958959392
1702.0,rho,rho_like,8.818708267914932
1703.0,rho,rho_like,9.77407388449872
1704.0,rho,rho_like,10.716460692913081
1705.0,proton,nucleon_like,14.718743036330387
1706.0,rho,rho_like,10.323750541659713
1707.0,proton,nucleon_like,8.55598721744948
1708.0,proton,nucleon_like,4.300288204293468
1709.0,rho,rho_like,9.835802273209051
1710.0,rho,rho_like,9.403703506827627
1711.0,proton,nucleon_like,9.56257395895938
1712.0,proton,nucleon_like,11.140534090017036
1713.0,proton,nucleon_like,26.495156925203936
1714.0,proton,nucleon_like,20.49322257855849
1715.0,proton,nucleon_like,14.718743036330375
1716.0,proton,nucleon_like,20.38457121503572
1717.0,proton,nucleon_like,2.8753603266132277
1718.0,proton,nucleon_like,2.846159455948179
1719.0,proton,nucleon_like,23.395725374178504
1720.0,proton,nucleon_like,20.300064598962464
1721.0,rho,rho_like,11.137710208876928
1722.0,proton,nucleon_like,18.555727653741098
1723.0,proton,nucleon_like,23.177781009423015
1724.0,rho,rho_like,10.443092078091727
1725.0,proton,nucleon_like,11.61009389927788
1726.0,proton,nucleon_like,11.401400650717507
1727.0,proton,nucleon_like,2.4395652601534046
1728.0,proton,nucleon_like,17.300982813544433
1729.0,rho,rho_like,11.793474188243783
1730.0,proton,nucleon_like,25.996616987255706
1731.0,proton,nucleon_like,23.067750269500067
1732.0,rho,rho_like,10.631216734351296
1733.0,rho,rho_like,19.635022262693475
1734.0,rho,rho_like,10.631216734351298
1735.0,pion,pion_like,18.62518028408041
1736.0,proton,nucleon_like,21.124647803839338
1737.0,proton,nucleon_like,17.300982813544422
1738.0,rho,rho_like,10.204223302932675
1739.0,proton,nucleon_like,17.591361420648425
1740.0,proton,nucleon_like,4.297119959852184
1741.0,proton,nucleon_like,17.997891470594034
1742.0,proton,nucleon_like,2.875360326613234
1743.0,proton,nucleon_like,4.818443796177192
1744.0,proton,nucleon_like,2.439565260153403
1745.0,proton,nucleon_like,2.846159455948185
1746.0,proton,nucleon_like,10.160234836730902
1747.0,proton,nucleon_like,20.724901196847895
1748.0,rho,rho_like,10.631216734351298
1749.0,proton,nucleon_like,8.883819471839656
1750.0,proton,nucleon_like,25.151094122088665
1751.0,proton,nucleon_like,7.6652249064915665
1752.0,proton,nucleon_like,2.8753603266132277
1753.0,rho,rho_like,10.631216734351298
1754.0,proton,nucleon_like,9.56257395895938
1755.0,proton,nucleon_like,2.4395652601534152
1756.0,rho,rho_like,10.119752889549769
1757.0,proton,nucleon_like,20.493222578558484
1758.0,proton,nucleon_like,3.666986925324471
1759.0,proton,nucleon_like,2.8753603266132317
1760.0,rho,rho_like,9.610493625996202
1761.0,proton,nucleon_like,16.855177964539383
1762.0,proton,nucleon_like,20.493222578558473
1763.0,rho,rho_like,10.631216734351304
1764.0,proton,nucleon_like,16.255071019528614
1765.0,rho,rho_like,20.19382666021431
1766.0,rho,rho_like,10.716460692913078
1767.0,proton,nucleon_like,21.92498707501957
1768.0,proton,nucleon_like,22.791018489874787
1769.0,proton,nucleon_like,24.239996494691972
1770.0,proton,nucleon_like,20.3919639209811
1771.0,rho,rho_like,22.058024138210047
1772.0,proton,nucleon_like,2.8753603266132335
1773.0,proton,nucleon_like,15.40815161406114
1774.0,proton,nucleon_like,2.875360326613232
1775.0,proton,nucleon_like,19.088394531400123
1776.0,proton,nucleon_like,11.401400650717505
1777.0,proton,nucleon_like,17.817211448395984
1778.0,rho,rho_like,20.372153131926787
1779.0,proton,nucleon_like,2.439565260153411
1780.0,proton,nucleon_like,2.87536032661323
1781.0,rho,rho_like,14.858950321343325
1782.0,proton,nucleon_like,15.050146252121554
1783.0,proton,nucleon_like,2.875360326613226
1784.0,rho,rho_like,5.6272975549801725
1785.0,rho,rho_like,23.675308042154562
1786.0,proton,nucleon_like,17.817211448395994
1787.0,proton,nucleon_like,21.26756553083581
1788.0,rho,rho_like,25.69470834589964
1789.0,proton,nucleon_like,17.591361420648433
1790.0,rho,rho_like,10.631216734351295
1791.0,proton,nucleon_like,2.4395652601533984
1792.0,proton,nucleon_like,16.871501675896518
1793.0,proton,nucleon_like,18.841186621103382
1794.0,proton,nucleon_like,23.360685232787127
1795.0,rho,rho_like,21.087463855052455
1796.0,proton,nucleon_like,17.271012952912603
1797.0,proton,nucleon_like,3.666986925324471
1798.0,proton,nucleon_like,20.38457121503572
1799.0,rho,rho_like,21.087463855052455
1800.0,rho,rho_like,10.656426800272854
1801.0,proton,nucleon_like,5.746285087697255
1802.0,proton,nucleon_like,10.14021314771329
1803.0,proton,nucleon_like,3.666986925324475
1804.0,proton,nucleon_like,20.232459306103863
1805.0,proton,nucleon_like,2.439565260153407
1806.0,proton,nucleon_like,9.642091230695222
1807.0,proton,nucleon_like,18.94556329433978
1808.0,proton,nucleon_like,18.841186621103382
1809.0,proton,nucleon_like,19.088394531400134
1810.0,proton,nucleon_like,2.439565260153407
1811.0,proton,nucleon_like,2.439565260153411
1812.0,proton,nucleon_like,20.384571215035724
1813.0,proton,nucleon_like,18.945563294339788
1814.0,proton,nucleon_like,7.214329318734146
1815.0,rho,rho_like,10.631216734351295
1816.0,proton,nucleon_like,15.403389951088254
1817.0,proton,nucleon_like,16.91381133740576
1818.0,proton,nucleon_like,4.429474262946348
1819.0,proton,nucleon_like,2.4395652601534152
1820.0,proton,nucleon_like,7.2143293187341495
1821.0,proton,nucleon_like,20.384571215035724
1822.0,rho,rho_like,10.631216734351295
1823.0,proton,nucleon_like,18.841186621103382
1824.0,proton,nucleon_like,11.401400650717504
1825.0,proton,nucleon_like,8.91272987161124
1826.0,proton,nucleon_like,19.46723770822007
1827.0,proton,nucleon_like,23.39572537417851
1828.0,proton,nucleon_like,2.846159455948183
1829.0,rho,rho_like,9.610493625996202
1830.0,proton,nucleon_like,19.738300505416586
1831.0,proton,nucleon_like,12.053852718677486
1832.0,proton,nucleon_like,19.867364576017476
1833.0,proton,nucleon_like,23.395725374178504
1834.0,proton,nucleon_like,21.977208857142877
1835.0,proton,nucleon_like,19.372365729201285
1836.0,rho,rho_like,9.167371937980977
1837.0,rho,rho_like,9.123119872202915
1838.0,proton,nucleon_like,13.799531599356039
1839.0,proton,nucleon_like,13.344824022719283
1840.0,rho,rho_like,22.456172273022574
1841.0,proton,nucleon_like,14.96580934870919
1842.0,rho,rho_like,20.372153131926787
1843.0,proton,nucleon_like,8.38845163884677
1844.0,proton,nucleon_like,23.58246389325284
1845.0,rho,rho_like,9.167371937980985
1846.0,proton,nucleon_like,2.8753603266132304
1847.0,proton,nucleon_like,22.46702714161369
1848.0,rho,rho_like,18.657475544245365
1849.0,proton,nucleon_like,18.84118662110337
1850.0,pion,pion_like,27.664670571258
1851.0,pion,pion_like,27.81788227104067
1852.0,rho,rho_like,10.152241502578109
1853.0,proton,nucleon_like,11.140534090017036
1854.0,proton,nucleon_like,23.395725374178504
1855.0,rho,rho_like,25.245952722845182
1856.0,proton,nucleon_like,17.169723312043033
1857.0,rho,rho_like,10.656426800272854
1858.0,rho,rho_like,21.99819508453694
1859.0,proton,nucleon_like,26.9873159286743
1860.0,proton,nucleon_like,18.841186621103382
1861.0,pion,pion_like,17.793459628117336
1862.0,proton,nucleon_like,11.401400650717498
1863.0,pion,pion_like,27.770003614858584
1864.0,proton,nucleon_like,17.817211448395984
1865.0,rho,rho_like,9.792955497531873
1866.0,proton,nucleon_like,23.395725374178504
1867.0,pion,pion_like,27.151744445898622
1868.0,proton,nucleon_like,14.718743036330387
1869.0,rho,rho_like,10.292592322992846
1870.0,proton,nucleon_like,11.14053409001702
1871.0,proton,nucleon_like,20.63809106325548
1872.0,proton,nucleon_like,18.841186621103382
1873.0,pion,pion_like,17.093063286253695
1874.0,proton,nucleon_like,2.4395652601533984
1875.0,proton,nucleon_like,2.4395652601534046
1876.0,proton,nucleon_like,20.49322257855848
1877.0,proton,nucleon_like,16.089009933530104
1878.0,proton,nucleon_like,2.4395652601534006
1879.0,proton,nucleon_like,21.92498707501956
1880.0,proton,nucleon_like,2.8461594559481727
1881.0,rho,rho_like,10.716460692913085
1882.0,proton,nucleon_like,2.439565260153409
1883.0,rho,rho_like,20.011325331029667
1884.0,rho,rho_like,12.16695691360206
1885.0,proton,nucleon_like,4.818443796177186
1886.0,proton,nucleon_like,20.13105136681596
1887.0,rho,rho_like,9.882098564741813
1888.0,proton,nucleon_like,4.300288204293468
1889.0,proton,nucleon_like,11.140534090017015
1890.0,proton,nucleon_like,2.875360326613232
1891.0,proton,nucleon_like,22.782917749528956
1892.0,proton,nucleon_like,21.92498707501957
1893.0,proton,nucleon_like,17.591361420648433
1894.0,proton,nucleon_like,22.944202854271133
1895.0,pion,pion_like,17.093063286253695
1896.0,rho,rho_like,10.631216734351302
1897.0,rho,rho_like,10.204223302932688
1898.0,proton,nucleon_like,11.401400650717507
1899.0,rho,rho_like,17.000411119360272
1900.0,rho,rho_like,19.964549768012553
1901.0,proton,nucleon_like,11.401400650717523
1902.0,proton,nucleon_like,17.99789147059402
1903.0,proton,nucleon_like,10.140213147713297
1904.0,proton,nucleon_like,18.945563294339784
1905.0,proton,nucleon_like,17.52051394593654
1906.0,proton,nucleon_like,11.401400650717521
1907.0,proton,nucleon_like,15.96613951366001
1908.0,rho,rho_like,10.609031621872658
1909.0,rho,rho_like,11.419752945435153
1910.0,rho,rho_like,10.01001350593786
1911.0,proton,nucleon_like,15.408151614061147
1912.0,proton,nucleon_like,21.549694858837885
1913.0,proton,nucleon_like,17.817211448395984
1914.0,rho,rho_like,10.119752889549769
1915.0,proton,nucleon_like,2.8461594559481727
1916.0,rho,rho_like,11.655447963654847
1917.0,rho,rho_like,9.167371937980977
1918.0,rho,rho_like,23.933114864105125
1919.0,proton,nucleon_like,4.300288204293468
1920.0,proton,nucleon_like,2.4395652601534024
1921.0,rho,rho_like,10.631216734351304
1922.0,rho,rho_like,9.167371937980985
1923.0,proton,nucleon_like,11.140534090017022
1924.0,proton,nucleon_like,20.89154952176746
1925.0,proton,nucleon_like,2.87536032661323
1926.0,rho,rho_like,10.119752889549765
1927.0,proton,nucleon_like,6.389443166906125
1928.0,rho,rho_like,12.130040905534623
1929.0,pion,pion_like,27.664670571258
1930.0,proton,nucleon_like,11.14053409001702
1931.0,pion,pion_like,26.94238684371112
1932.0,proton,nucleon_like,23.768124247384034
1933.0,proton,nucleon_like,21.224217512466037
1934.0,proton,nucleon_like,2.439565260153411
1935.0,pion,pion_like,14.479451937019897
1936.0,proton,nucleon_like,11.401400650717505
1937.0,proton,nucleon_like,2.4395652601534135
1938.0,rho,rho_like,10.631216734351302
1939.0,proton,nucleon_like,13.799531599356046
1940.0,proton,nucleon_like,23.68546234357252
1941.0,pion,pion_like,13.550042728779427
1942.0,rho,rho_like,23.675308042154576
1943.0,proton,nucleon_like,11.610093899277883
1944.0,rho,rho_like,10.28024669955434
1945.0,proton,nucleon_like,21.900642411074475
1946.0,rho,rho_like,21.087463855052462
1947.0,rho,rho_like,5.915363368961781
1948.0,rho,rho_like,17.086830863554752
1949.0,rho,rho_like,17.086830863554745
1950.0,proton,nucleon_like,6.533599327832842
1951.0,rho,rho_like,10.152241502578121
1952.0,proton,nucleon_like,13.344824022719274
1953.0,proton,nucleon_like,17.817211448395984
1954.0,rho,rho_like,22.978659031222
1955.0,proton,nucleon_like,21.92498707501956
1956.0,rho,rho_like,7.176283160216962
1957.0,proton,nucleon_like,10.224783064963155
1958.0,rho,rho_like,10.119752889549769
1959.0,proton,nucleon_like,21.267565530835817
1960.0,proton,nucleon_like,14.174265497688285
1961.0,rho,rho_like,10.631216734351302
1962.0,proton,nucleon_like,20.612369333092733
1963.0,proton,nucleon_like,15.40815161406114
1964.0,proton,nucleon_like,2.4395652601534135
1965.0,rho,rho_like,9.792955497531874
1966.0,proton,nucleon_like,20.493222578558473
1967.0,rho,rho_like,10.631216734351298
1968.0,proton,nucleon_like,22.46702714161369
1969.0,rho,rho_like,6.07654309444232
1970.0,rho,rho_like,9.835802273209058
1971.0,pion,pion_like,12.496712292773566
1972.0,proton,nucleon_like,2.846159455948183
1973.0,proton,nucleon_like,20.638091063255484
1974.0,proton,nucleon_like,6.363341528937722
1975.0,pion,pion_like,27.60655578858181
1976.0,proton,nucleon_like,20.493222578558473
1977.0,proton,nucleon_like,2.875360326613234
1978.0,rho,rho_like,19.964549768012557
1979.0,proton,nucleon_like,11.61009389927791
1980.0,proton,nucleon_like,2.875360326613232
1981.0,proton,nucleon_like,8.176239905949995
1982.0,proton,nucleon_like,21.224217512466037
1983.0,proton,nucleon_like,2.8753603266132317
1984.0,proton,nucleon_like,22.78291774952895
1985.0,proton,nucleon_like,4.300288204293466
1986.0,proton,nucleon_like,19.738300505416582
1987.0,proton,nucleon_like,3.666986925324479
1988.0,proton,nucleon_like,17.14505536528376
1989.0,proton,nucleon_like,2.8461594559481727
1990.0,rho,rho_like,8.704115054223845
1991.0,pion,pion_like,27.770003614858584
1992.0,proton,nucleon_like,4.300288204293468
1993.0,pion,pion_like,13.040366711357233
1994.0,proton,nucleon_like,20.724901196847902
1995.0,proton,nucleon_like,20.232459306103863
1996.0,rho,rho_like,10.631216734351298
1997.0,proton,nucleon_like,18.841186621103372
1998.0,proton,nucleon_like,2.8753603266132304
1999.0,proton,nucleon_like,20.213540492128836
