block_id,omega_ref_proxy,dof_grade,dof_family_id,dof_family_friendly,genes_min
029cdcf4d86a7d581ab1632eb2656501fc2d0b54a9937015257d5a659ef7e484,6.24888480609,B,b01dafbece991d47,b01dafbece991d47,{}
03946ed1d211e2dadc6110802341f665530de954056f46d46e07fca90bcc88a3,6.3759648353,B,3438ba1c3e51db60,3438ba1c3e51db60,{}
05495825ce7057303b36b0c9562859e31c5da99717ef913bd146b492d2566459,6.31585023296,B,775f59b690500c6a,775f59b690500c6a,{}
064c4ae79c459d481b351d8ef51012e8e71e2fbab2f3f43c880eb1e390372968,6.31881365638,B,9706bd43e57aae0f,9706bd43e57aae0f,{}
06619bb6db03a883ae5637755ed5ec15027ee669b00801193010a5eb1272d49f,6.25945214029,B,f6d9895060767943,f6d9895060767943,{}
08365d1e69455bfea56720f09feac33a52a4a28f47f3279d1c7f7cc4449730b5,6.28585823835,B,9706bd43e57aae0f,9706bd43e57aae0f,{}
0b779971a8c4d94d8065e84a16c28d2065c9861ee0a685dcac34bf686a6756ee,6.39978949258,B,169904b84b6e9a62,169904b84b6e9a62,{}
128ed0e64618928ca7b62b6137a7263c0afac4af437e2ea0f1d9d47fd9102072,6.27789870043,B,3438ba1c3e51db60,3438ba1c3e51db60,{}
1298dcabaa2f8a71ea04dbd5ab144ae7185b3c7f38b3b25055733708cc48a37c,6.39491715095,B,5729baf51a35ae79,5729baf51a35ae79,{}
1568e0955eb5d98ca79edabce112390ff2000a78b5978c9403033b616706229a,6.29350880086,B,9706bd43e57aae0f,9706bd43e57aae0f,{}
16907a1aa87609089e975afd8ec25020b8bba9f4593b068207c09e12649a0a35,6.27850841417,B,b2779210e3187fb5,b2779210e3187fb5,{}
188fee478296f119a1de0957383a665e9956cacaceb583f535f1665531f9548a,6.31186288328,B,e96db2b239065d32,e96db2b239065d32,{}
1b1ee71df48ea492be5ba4805ce0acec7c5ac973d6c519a1d7e9dd82aa4b823f,6.27469388036,B,9706bd43e57aae0f,9706bd43e57aae0f,{}
1de328efb45dd925582e655522b10b2ea1049a3a71d724b42418844028e8eda3,6.34528944914,B,e96db2b239065d32,e96db2b239065d32,{}
1e21ee3aa1b63b3f2fc21003887f430f9bb995e19ca4f4de307739fa92c8df16,6.37465777621,B,9706bd43e57aae0f,9706bd43e57aae0f,{}
21c257cb14a2511ed78d912b6edacdca4f289a1ba91e24bb889e5668ca586b49,6.3211678638,B,3438ba1c3e51db60,3438ba1c3e51db60,{}
234d499a0db42dcd9d205c170fe72a32942a38c6cab9d90f23262d33fc5bac09,6.32535662198,B,101671262d1edcc1,101671262d1edcc1,{}
25f5ac3cb424dd0fd979258ac7013f8b3e700a6945566d11216e4ea055149a00,6.26317004379,B,169904b84b6e9a62,169904b84b6e9a62,{}
28bcbb252254706466e6f19ba2db0c594be92eb6785e8d9026352df68fffd0ff,6.26063700644,B,ab12768a8b82e5ea,ab12768a8b82e5ea,{}
28fbf536f96aaf1ef468f798d8cb94da95c128e1fa4d4c107bd7bc78231cae99,6.33726387208,B,169904b84b6e9a62,169904b84b6e9a62,{}
29cf84a4cf0169aa923a18d222eee7a2346c1120822cdf1b624ca80bcd6b415d,6.27331847849,B,ab12768a8b82e5ea,ab12768a8b82e5ea,{}
2e5d4ee07f422c256146bf81c2140297e1d8a153a8b7903bc9bbe6960d9d04bf,6.38612842884,B,c9b47a3d12304628,c9b47a3d12304628,{}
2eaf9eb41966edf107dc7fb5acc56af8330c07e2e966d533dc16f6c1673c0b6b,6.20258577605,B,00ce74cac8df50b8,00ce74cac8df50b8,{}
309b682ca7c4c00ce2b522e09f73313c8af65073438548f12be2df174d64ac84,6.29239757647,B,896e05e558170d45,896e05e558170d45,{}
328c08d672b9e8387c4dc5ce8b79bfd4745657d39c437f64be38d28974a4ae99,6.27946560801,B,b2779210e3187fb5,b2779210e3187fb5,{}
3433e5c1eaca2b4cbdac052150be71b8cca0e17332cc39ab414150df12a23e5e,6.27119660199,B,9706bd43e57aae0f,9706bd43e57aae0f,{}
34a32b170ebaade6d5217c5cca40a870e208322f291563b91bf95a23f6485745,6.30924026686,B,ab12768a8b82e5ea,ab12768a8b82e5ea,{}
3ab026edaa40912062721986dc2c59eeb44e39b5ae720d805ccba48b23d4667c,6.24613836751,B,9706bd43e57aae0f,9706bd43e57aae0f,{}
3e74f095a88bc899ad4d1d9190a7e64addb905a4d60a9a119d86381e72a1c604,6.25254424868,B,ab12768a8b82e5ea,ab12768a8b82e5ea,{}
40723e8e37917c03eba03d62098cf46ca72a9829e3e74424d0cfac8526d38f42,6.2793509951,B,ab12768a8b82e5ea,ab12768a8b82e5ea,{}
41dde8d48fc439f53450a84c514dcc6aba4cd7430ebf8203b073e0601b28eb63,6.27738232079,B,9706bd43e57aae0f,9706bd43e57aae0f,{}
421745070a2ca87fd62ddccf45b699c5494b95c539dbb4407f33f020fcffe96d,6.24999368011,B,64eae3aec361bb5c,64eae3aec361bb5c,{}
4815fc92daf469724038ffa2dc9691abb7d9259ebc3982da2c625d03f33f9476,6.31946474939,B,3438ba1c3e51db60,3438ba1c3e51db60,{}
4948da30a6006c441fef6fcc21b1e2eaee9dfa69db508157a83788327cb7e512,6.29587355581,B,9706bd43e57aae0f,9706bd43e57aae0f,{}
499ebe4282404613c2827fc53447ba9c0446aa46f49cf98dbd01138e66e70e1c,6.18562318516,B,e96db2b239065d32,e96db2b239065d32,{}
49ae952e9ab07bed12213e6c9c9af6da90446f019e849c0372d43ea5c3f57a54,6.32411797738,B,9706bd43e57aae0f,9706bd43e57aae0f,{}
4ae756d525d5c06f72ac9b6860b97291e65b1f4a52e8c903b47cb7fcacb6fb00,6.31176280161,B,e96db2b239065d32,e96db2b239065d32,{}
4c540a7f38b1565c22e4e31cfda4228b1ba66bc2b7a575c04ef43dc4701ad487,6.32812305346,B,775f59b690500c6a,775f59b690500c6a,{}
4e45187d4ccb7c7de32211c103b57bff372a58c4b106acd361d51469d7963f16,6.31860812487,B,ab12768a8b82e5ea,ab12768a8b82e5ea,{}
4ef32e095e026edee055a7e77f401ae6f05dbb6e4ab4670a1c0b3a17feaab4a8,6.34195124279,B,b2779210e3187fb5,b2779210e3187fb5,{}
511cf3137e9d111a4651815c9474062b1c9bb07c1793737b22021d28f0879e29,6.20386392179,B,75cd1ae2730857cb,75cd1ae2730857cb,{}
56fd6dc7ddabb2cd5fdeacc253e245ffc8aba46b6cbd9a6b02f6fe1fdf902a2b,6.23597933076,B,f78223699082dc64,f78223699082dc64,{}
5a34f0d936e549b0adee9ad3e19bf5bf1cd3159900536487af342d70f459c289,6.19785668707,B,169904b84b6e9a62,169904b84b6e9a62,{}
5aebf0da47bc55bc783310915b1380f129b1ef402ea8fb74dc6768690f74da3a,6.38260007166,B,a32b359eb39ba34e,a32b359eb39ba34e,{}
5af2e4f3bd92917c17197b68ab637ebe44d985596d29a347a0854a07d73f2a6c,6.3164204335,B,b01dafbece991d47,b01dafbece991d47,{}
5bb49d39bf9cc1d17c0c02ff7f83767fb1c99f81dd31da3454fef8fe641691b3,6.2601078486,B,3438ba1c3e51db60,3438ba1c3e51db60,{}
5dbc7b0ef64a85bb3a9f2cdae2d4bf8655eaa74dae82088e8573cb67cefca583,6.30887492715,B,f6d9895060767943,f6d9895060767943,{}
6146939865e06424d957b0e3b14b9910e777eced7dd6825aaabf0f18bd54e566,6.27726668221,B,169904b84b6e9a62,169904b84b6e9a62,{}
6585b226ce39e7efee01f01a05f36178bf1edd88cae8c1a8ffff2a15bb405524,6.18677061979,B,b2779210e3187fb5,b2779210e3187fb5,{}
68dff120abba32f6694000b0662059181da706ab40ca5d512e7c66972cb5af58,6.25596524646,B,b2779210e3187fb5,b2779210e3187fb5,{}
6b3d284492f11ae20e3d99ce50538ca7bcaf31a410ce76d4123f59324dd6a009,6.23735044583,B,9706bd43e57aae0f,9706bd43e57aae0f,{}
6b77c458c31dff580551fc3969d42db14b85c2d7d53f02369fb3f1685a2fe243,6.20936451939,B,169904b84b6e9a62,169904b84b6e9a62,{}
6bf49b4a19c95890f73607a213c457d894b355a39eb67e8bf740983b63dc1db4,6.32386155669,B,e96db2b239065d32,e96db2b239065d32,{}
6e019819ebbdf836bba2846133d4c628597d1bff92eb5b03765aa89112f926fa,6.28516005163,B,3438ba1c3e51db60,3438ba1c3e51db60,{}
6e9f8c4835fc77d911825e4eff854c35d6ece3763de938122617fa08a62aac09,6.27566209523,B,e96db2b239065d32,e96db2b239065d32,{}
716881af4e30ccca9999fbe2bbf275aae2039d49b5787ba27f21ac32e6855996,6.23700958263,B,3438ba1c3e51db60,3438ba1c3e51db60,{}
71f2617d19fabc13c340b5e65c130ad615bb095a6610eca4d3ad71fe8f13685a,6.35173567284,B,169904b84b6e9a62,169904b84b6e9a62,{}
71f5af104e83e503e865e5604a1742f6fbd07f59a0166e4f637cc4ad3a5a3fd2,6.21984009604,B,9706bd43e57aae0f,9706bd43e57aae0f,{}
71fab5257cb2ab2d1d1128ebe3d0d301f029bedf5d31bf2aef1325bd0a4e1b5a,6.26282040239,B,19858be63d28189f,19858be63d28189f,{}
748d8ed101dcb533585a55e198463eec47fd6c0d7e80daed744894e7122fbd3d,6.4219762871,B,9706bd43e57aae0f,9706bd43e57aae0f,{}
76ed842c9661482d309b273ede8137a6bae1691c58a173904c508430304f4e7b,6.31991481244,B,b2779210e3187fb5,b2779210e3187fb5,{}
772500cfc3a538aaba3b2594209f29e491f4a0dc92817b905350252828f1050a,6.24941396388,B,19858be63d28189f,19858be63d28189f,{}
775ebd1f05ca368798f94f4f6fc88b8e418dc89c9b12c0b8a79926d1aeda6280,6.2875916,B,c9b47a3d12304628,c9b47a3d12304628,{}
795403febf4287039a113df89dbc271e8487fd84d96888641bf38e7271106721,6.21624633086,B,169904b84b6e9a62,169904b84b6e9a62,{}
796cb52f89c8a0177976950be82396b94980efb283e38b35d52730121729c568,6.25730450267,B,f6d9895060767943,f6d9895060767943,{}
7b253d6a7e52d3bacb271e6c8d115197952ac5be5718f9ec2812c6e472321001,6.29604861463,B,e96db2b239065d32,e96db2b239065d32,{}
7f85215a28344c40fb91e1bf89c101c3765ba3ec701c327a2b9c816ebb33016a,6.26479105647,B,aee634a0ebd99bad,aee634a0ebd99bad,{}
8040749828b7ed3788447a1375d126ef03b450ed5bc189b7537d6166358c0300,6.31507380784,B,3438ba1c3e51db60,3438ba1c3e51db60,{}
8583861d35d09e262bad49bbc8e84c6082e5db7f64d61e3d2968af359eb65a80,6.19340340756,B,169904b84b6e9a62,169904b84b6e9a62,{}
86d83483819943b763e7dd853f804e5285eacbab5c57d3fc7caaee28b95448c1,6.29814832899,B,b2779210e3187fb5,b2779210e3187fb5,{}
8ac8423506e97dc7e2de2652d5d85a3dcce8081523af61ebf1641ba3e822a404,6.2450235601,B,b01dafbece991d47,b01dafbece991d47,{}
8acbb48dd8b564f78208725d3bf9b9464474cbc46ba049159642f2edef8a48fd,6.36320219473,B,e96db2b239065d32,e96db2b239065d32,{}
8b680c750bfa18e29cb79fed7087bd4f4d47199a3c02bafcff6b60b2a4fcaad0,6.28121806127,B,896e05e558170d45,896e05e558170d45,{}
8c12ae79830b815f022385c4c2c64e56d49acf160e603d1204f18880fbcf9e75,6.34143225291,B,169904b84b6e9a62,169904b84b6e9a62,{}
8d2e893c5ac2ff69421046d90fd2c46a509e1a3e0a2295320e52fe05adf44c5c,6.42875607862,B,9706bd43e57aae0f,9706bd43e57aae0f,{}
8f4c04d35cbbe637347370cb7fdd7af66ce686bf3a3bfe976f2f30ed79c4dd1e,6.34146684232,B,3438ba1c3e51db60,3438ba1c3e51db60,{}
9074ef864338d87e568bf4b1adecf250c901b84a464ae6395596127a613a0482,6.27771487116,B,e96db2b239065d32,e96db2b239065d32,{}
90b0a9bac551e76964619d199603720dd9ae7aff93c4029afa983040a6086402,6.31771512456,B,9706bd43e57aae0f,9706bd43e57aae0f,{}
912ddc4b507d069d9ee6813d66b06c5e0a9bf93c3568a0c685adbc4a3fa09d11,6.35689373583,B,b2779210e3187fb5,b2779210e3187fb5,{}
91fb436a953552d656be38db71cbbefaf00dfb65b454c278aeaf3c13f63a2b6e,6.22883367673,B,169904b84b6e9a62,169904b84b6e9a62,{}
927ef9090d2db03ea2cca8c7abafbb64e6a1eba3273fc839a5c599c77d416162,6.32077825663,B,101671262d1edcc1,101671262d1edcc1,{}
92af3f3ae4870465229aa3605fc31e7ec195515a4842c533dbaea34b45fb6c74,6.39752126509,B,e96db2b239065d32,e96db2b239065d32,{}
9443e7092253603e9d462d10451757fed9ebea613612303890743a2d2d41d763,6.37405862669,B,19858be63d28189f,19858be63d28189f,{}
a0bbd42195256169d5b36659678c227e90b3594ae6e1bb8ddfb62160b2816d6c,6.33035850236,B,169904b84b6e9a62,169904b84b6e9a62,{}
aa92956b2e65fe9ae1de71fe7b6b6b4db0ebe9894e7bbdee9b9fd720b74c9ba2,6.28538635749,B,91ee400002349d3a,91ee400002349d3a,{}
ab27ac51dcf4aa8758949cce927a6017230e222f0b5685ff7a42fe1c5bff4fe8,6.43689079945,B,f6d9895060767943,f6d9895060767943,{}
ad0b6bd9dfcf6bd152201eec2a917cb684c05b6ae523c58e11073d0d8ad29bb7,6.36344127811,B,169904b84b6e9a62,169904b84b6e9a62,{}
b0660c4e471b8cd466b86e92a663fee43ae05b204a9bc8ea6fe35d45cbc644c0,6.31476460974,B,b2779210e3187fb5,b2779210e3187fb5,{}
b0c46c47c898f36974841702025cf6d77a8f345f77e29f19d7230fa9712848f9,6.36588531102,B,169904b84b6e9a62,169904b84b6e9a62,{}
b3100f0730d066f34d785d576b244de043d782a97a855585fc17fcf9e9df1fff,6.20344065354,B,ab12768a8b82e5ea,ab12768a8b82e5ea,{}
b3a44e0af2aa083e2325bca7b1616035dc8d12400d38a6d067c01614eb80500f,6.15340875583,B,19858be63d28189f,19858be63d28189f,{}
b729cdc15a2b323c5f7d1be74f768d72eb85843d9e7a83648cb95bd2158916cd,6.35291448053,B,a32b359eb39ba34e,a32b359eb39ba34e,{}
b7ab650536225a6dbaf552bf264a11f474777385bffb52cd2158feb090fd264c,6.24440683073,B,c9b47a3d12304628,c9b47a3d12304628,{}
b812685f01e2ba39a04f3ee828883982820d31c5a105f3156b94efba4b15dd29,6.3103859118,B,19858be63d28189f,19858be63d28189f,{}
bbbec060354811e8a3dd2cdff3e1e2b74d827d8c85ccca77e50c0dfbde25b8ad,6.3546548827,B,ab12768a8b82e5ea,ab12768a8b82e5ea,{}
be291d23c5982181d44f20e21ac18da9fbdf80fd32dc5b36e2728e36533aab60,6.35829124444,B,a32b359eb39ba34e,a32b359eb39ba34e,{}
bf79f238f25cdd2f24cfe9f087abfcf9ece59df3802e157539768d18e7d4d58a,6.21286636523,B,b2779210e3187fb5,b2779210e3187fb5,{}
c0268ecba0f3038325cc8b41eed63373d117e6d139aa72bf03d7cae471873ec4,6.22207105543,B,e96db2b239065d32,e96db2b239065d32,{}
c29475c7a94475777313266fc4b88c6bac8cb4303647305ea18ba083ec527f2f,6.2283876631,B,b2779210e3187fb5,b2779210e3187fb5,{}
c4e8d5d08e9d295fe35c29a866d845bab7e94caa412dffbac6107bd6fd2a142f,6.30261666216,B,169904b84b6e9a62,169904b84b6e9a62,{}
c7d30193d7c87330e61dc409d390b39649f2a43f1cc3bb7bcdb3aac7001b6bfd,6.22545035206,B,b2779210e3187fb5,b2779210e3187fb5,{}
c9e3f0adce4ec611a9f54ea86fb6504770903b923806cf1a3476872870f1771e,6.27830307034,B,ab12768a8b82e5ea,ab12768a8b82e5ea,{}
cadeeb9c00e0c9d688e25aca302d4f64ce20dd94441a27ef1257845034d84694,6.3472304138,B,9706bd43e57aae0f,9706bd43e57aae0f,{}
cb8aedb589e9f3cc9e2b36318d7429c19164c31a43f136395dca58dcbc43ef94,6.31005146682,B,c9b47a3d12304628,c9b47a3d12304628,{}
cc64a2561ab75d1f39c4383941678bce068f5488088516b38f956c449f05ddb2,6.34905500261,B,ab12768a8b82e5ea,ab12768a8b82e5ea,{}
cc9788048571a7c92602a71287a84595a6e198a5e1e2a3a258abcaf7f21d78dd,6.24546802151,B,ab12768a8b82e5ea,ab12768a8b82e5ea,{}
d0b55caecc513f64bc54acb4a60e6a929b092ea32027cc02166c0b3edccc9989,6.22268739012,B,b2779210e3187fb5,b2779210e3187fb5,{}
d131f918bc5b1aa5203c8740c64df09fc48faba73cdbd82e68da26ec31249ac7,6.36293518202,B,9706bd43e57aae0f,9706bd43e57aae0f,{}
dd1bd8c6dc8dce1466ad2c7997ba090e4d9e41fbd1b565563ac94cf6885ef0b0,6.22208362665,B,4b0323b0fcc663d7,4b0323b0fcc663d7,{}
dd413b5fe71b2ee1010d8ca69ecef832a184037da26c3fe32efa180e4cd094a3,6.27055058338,B,e96db2b239065d32,e96db2b239065d32,{}
de62950ad644c8517a387f812597f4d1ffea33b22e749d1c2a38afc331546d43,6.26549567518,B,9706bd43e57aae0f,9706bd43e57aae0f,{}
e368fe7c96b778302da2283c64893cb76e2338489a939ad2fca1af176047918d,6.2957319211,B,9706bd43e57aae0f,9706bd43e57aae0f,{}
e5e0058e85a774c436790dd70613571dd0bb377bfe03f061062016c23bd5a535,6.27446991144,B,ab12768a8b82e5ea,ab12768a8b82e5ea,{}
ec4eca9db699bff09eeb6fb65124a662601c4b0f0896ebb8cd8312efc8d4a157,6.28366567718,B,e96db2b239065d32,e96db2b239065d32,{}
f2cb3d516c064ca2e98f7cf193d63ca95c0f7b03415494b7ff3d5c25c4659b1b,6.15557758556,B,775f59b690500c6a,775f59b690500c6a,{}
f610014506cd689c3d657779c7f24861fb4acd3dce08b7081712db3ab2e41337,6.24901019109,B,b01dafbece991d47,b01dafbece991d47,{}
fc78935e25c279b2b892bba0d5643e338871c54cb2cf8d1dc58ce681bce0fbed,6.42885175813,B,169904b84b6e9a62,169904b84b6e9a62,{}
ff5573a185ba65f0fed824d250322a9b21bfc330a03e96f4344f90e9ab962df5,6.32001569917,B,ab12768a8b82e5ea,ab12768a8b82e5ea,{}
