run_id,best_target,best_family,best_d_total,best_score_used,score_mode,second_best_target,second_best_family,second_best_d_total,second_best_score_used,delta_margin
0.0,meson_ds,charmed_meson,0.21066088031130295,0.21066088031130295,total,delta_1950,delta_like,0.2336034629279317,0.2336034629279317,0.022942582616628737
1.0,meson_ds_star,charmed_meson,2.860097717330068,2.860097717330068,total,meson_ds_star_2090_DOF,charmed_meson,3.0800837514261783,3.0800837514261783,0.2199860340961104
2.0,delta_1950,delta_like,0.1813361639732781,0.1813361639732781,total,meson_ds,charmed_meson,0.2977730440742301,0.2977730440742301,0.11643688010095202
3.0,delta_1600,delta_like,0.10540721003061786,0.10540721003061786,total,delta_1620,delta_like,1.0912048874497933,1.0912048874497933,0.9857976774191755
4.0,delta_1900,delta_like,1.3397071888382137,1.3397071888382137,total,meson_d_plus,charmed_meson,1.399511979735784,1.399511979735784,0.05980479089757029
5.0,delta_1600,delta_like,0.24581973182786965,0.24581973182786965,total,meson_phi_1680,meson,2.9218239274544024,2.9218239274544024,2.6760041956265326
6.0,delta_1600,delta_like,0.2533684653108768,0.2533684653108768,total,meson_phi_1680,meson,2.950131677496704,2.950131677496704,2.696763212185827
7.0,meson_ds_star,charmed_meson,0.08546360748454555,0.08546360748454555,total,meson_ds_star_2090_DOF,charmed_meson,0.7018259316621224,0.7018259316621224,0.6163623241775769
8.0,meson_ds_star_2090_DOF,charmed_meson,0.3020935739401732,0.3020935739401732,total,meson_ds_star,charmed_meson,1.0857758101408024,1.0857758101408024,0.7836822362006292
9.0,meson_d_star_zero,charmed_meson,0.2556141205769676,0.2556141205769676,total,meson_d_star_plus,charmed_meson,0.5204720379763863,0.5204720379763863,0.2648579173994187
10.0,psi_4040,charmonium,1.3336496438783354,1.3336496438783354,total,chi_c0_3915,charmonium,2.699683555010543,2.699683555010543,1.3660339111322077
11.0,triton,nucleus,0.4300874106637524,0.4300874106637524,total,lambda_c_2765,charmed_baryon,0.5582375517176253,0.5582375517176253,0.12815014105387296
12.0,lambda_c,charmed_baryon,3.0476445776177585,3.0476445776177585,total,meson_ds_star,charmed_meson,3.783570053881001,3.783570053881001,0.7359254762632426
13.0,meson_ds_star_2090_DOF,charmed_meson,1.0902410882788276,1.0902410882788276,total,meson_d_star_zero,charmed_meson,1.5842098322461247,1.5842098322461247,0.49396874396729706
14.0,eta_c,charmonium,1.2711345859621803,1.2711345859621803,total,lambda_c_2765,charmed_baryon,1.7986595935134038,1.7986595935134038,0.5275250075512234
15.0,lambda_c,charmed_baryon,0.3709810184509446,0.3709810184509446,total,delta_1600,delta_like,4.526935831553761,4.526935831553761,4.155954813102817
16.0,delta_1600,delta_like,0.41949450840337105,0.41949450840337105,total,delta_1232,delta_like,3.050758202692417,3.050758202692417,2.631263694289046
17.0,meson_d_star_zero,charmed_meson,0.49737812755711375,0.49737812755711375,total,meson_d_star_plus,charmed_meson,0.5487769385611727,0.5487769385611727,0.051398811004058964
18.0,meson_d_star_zero,charmed_meson,0.47176447141674105,0.47176447141674105,total,meson_d_star_plus,charmed_meson,0.5124055473797303,0.5124055473797303,0.04064107596298927
19.0,meson_ds1_2536,charmed_meson,1.4195125035243896,1.4195125035243896,total,lambda_c_2765,charmed_baryon,2.5939024889609765,2.5939024889609765,1.174389985436587
20.0,lambda_c_2765,charmed_baryon,3.746881633031183,3.746881633031183,total,lambda_c,charmed_baryon,5.242591385370436,5.242591385370436,1.4957097523392529
21.0,meson_phi_1680,meson,0.02076046198099086,0.02076046198099086,total,omega_baryon,strange_baryon,0.24528939596418634,0.24528939596418634,0.22452893398319548
22.0,lambda_c_2765,charmed_baryon,3.529614891703851,3.529614891703851,total,xi_c_plus,charmed_baryon,4.555957345336873,4.555957345336873,1.0263424536330223
23.0,delta_1900,delta_like,1.3725876269568704,1.3725876269568704,total,sigma_1775,strange_baryon,1.4214913196169612,1.4214913196169612,0.04890369266009076
24.0,meson_d_star_zero,charmed_meson,0.45242915378770726,0.45242915378770726,total,meson_d_star_plus,charmed_meson,0.484949396752544,0.484949396752544,0.03252024296483674
25.0,meson_d_star_zero,charmed_meson,0.4469761064445059,0.4469761064445059,total,meson_d_star_plus,charmed_meson,0.47720606963971207,0.47720606963971207,0.030229963195206155
26.0,meson_ds_star,charmed_meson,0.038549008715040106,0.038549008715040106,total,meson_ds_star_2090_DOF,charmed_meson,0.595529402984875,0.595529402984875,0.5569803942698349
27.0,delta_1950,delta_like,0.17967379160652353,0.17967379160652353,total,meson_ds,charmed_meson,0.3005436646485461,0.3005436646485461,0.12086987304202257
28.0,delta_1950,delta_like,0.21334905473301757,0.21334905473301757,total,delta_1930,delta_like,0.23331367041716033,0.23331367041716033,0.01996461568414276
29.0,eta_c,charmonium,0.46806400173119905,0.46806400173119905,total,j_psi,charmonium,1.6938922510147696,1.6938922510147696,1.2258282492835706
30.0,xi_c_plus,charmed_baryon,1.3181586209867817,1.3181586209867817,total,meson_ds1_2536,charmed_meson,2.573604632819783,2.573604632819783,1.255446011833001
31.0,delta_1900,delta_like,0.18030997816149716,0.18030997816149716,total,delta_1910,delta_like,0.4163719690725569,0.4163719690725569,0.23606199091105975
32.0,psi_3770,charmonium,1.818911040443564,1.818911040443564,total,alpha,nucleus,3.069092492030262,3.069092492030262,1.2501814515866978
33.0,meson_ds_star_2090_DOF,charmed_meson,0.5274656360724119,0.5274656360724119,total,meson_ds_star,charmed_meson,1.3487098813763472,1.3487098813763472,0.8212442453039352
34.0,meson_ds_star,charmed_meson,0.7801883396603896,0.7801883396603896,total,meson_ds_star_2090_DOF,charmed_meson,1.2973042763627425,1.2973042763627425,0.5171159367023529
35.0,meson_d_star_zero,charmed_meson,0.8528273020131151,0.8528273020131151,total,meson_d_star_plus,charmed_meson,1.0535147588242624,1.0535147588242624,0.2006874568111473
36.0,meson_d_star_plus,charmed_meson,0.20369015431550672,0.20369015431550672,total,meson_d_star_zero,charmed_meson,0.2543592618183377,0.2543592618183377,0.05066910750283096
37.0,delta_1600,delta_like,0.33098921679340565,0.33098921679340565,total,delta_1232,delta_like,3.183516139664839,3.183516139664839,2.852526922871433
38.0,lambda_c_2765,charmed_baryon,0.3977989209220099,0.3977989209220099,total,triton,nucleus,2.7567007571099755,2.7567007571099755,2.3589018361879655
39.0,meson_ds1_2460,charmed_meson,0.18791084841781702,0.18791084841781702,total,xi_c_plus,charmed_baryon,0.5642037504830166,0.5642037504830166,0.3762929020651996
40.0,meson_ds_star_2090_DOF,charmed_meson,0.5910386579703221,0.5910386579703221,total,meson_ds_star,charmed_meson,1.4228784065707256,1.4228784065707256,0.8318397486004036
41.0,xi_c_2645,charmed_baryon,0.36373979331300715,0.36373979331300715,total,lambda_c_2625,charmed_baryon,0.7150135369990881,0.7150135369990881,0.35127374368608094
42.0,lambda_c_2765,charmed_baryon,1.5395709220042895,1.5395709220042895,total,eta_c,charmonium,2.1347634708412206,2.1347634708412206,0.5951925488369312
43.0,meson_ds_star_2090_DOF,charmed_meson,0.9662727758207742,0.9662727758207742,total,meson_d_star_zero,charmed_meson,1.7369876810919815,1.7369876810919815,0.7707149052712073
44.0,lambda_c,charmed_baryon,2.764638276268073,2.764638276268073,total,meson_ds_star,charmed_meson,3.9722409245919725,3.9722409245919725,1.2076026483238995
45.0,delta_1950,delta_like,0.1989236836215252,0.1989236836215252,total,meson_ds,charmed_meson,0.26846051171798535,0.26846051171798535,0.06953682809646014
46.0,lambda_c_2765,charmed_baryon,1.5977927942220724,1.5977927942220724,total,eta_c,charmonium,1.9406905679769786,1.9406905679769786,0.34289777375490615
47.0,delta_1930,delta_like,0.02295662142608772,0.02295662142608772,total,delta_1920,delta_like,0.2729566151760881,0.2729566151760881,0.24999999375000037
48.0,lambda_c,charmed_baryon,3.223532972323363,3.223532972323363,total,lambda_c_2765,charmed_baryon,4.1506933317930645,4.1506933317930645,0.9271603594697013
49.0,,,inf,inf,total,,,inf,inf,
50.0,meson_ds_star_2180_DOF,charmed_meson,0.42444554255543415,0.42444554255543415,total,meson_ds_star,charmed_meson,1.6585180830493953,1.6585180830493953,1.2340725404939612
51.0,meson_ds,charmed_meson,0.03628994879033639,0.03628994879033639,total,delta_1950,delta_like,0.338226023235479,0.338226023235479,0.30193607444514264
52.0,xi_c_plus,charmed_baryon,2.9840226054981067,2.9840226054981067,total,lambda_c_2765,charmed_baryon,3.340982709090173,3.340982709090173,0.3569601035920664
53.0,lambda_c_2860,charmed_baryon,0.14140839274366016,0.14140839274366016,total,lambda_c_2765,charmed_baryon,0.8646478917535206,0.8646478917535206,0.7232394990098605
54.0,eta_c,charmonium,1.426589008447027,1.426589008447027,total,lambda_c_2765,charmed_baryon,1.7520232656797687,1.7520232656797687,0.3254342572327418
55.0,lambda_c_2860,charmed_baryon,0.39710509011580497,0.39710509011580497,total,lambda_c_2765,charmed_baryon,0.999276266507238,0.999276266507238,0.602171176391433
56.0,delta_1930,delta_like,0.013345542416359879,0.013345542416359879,total,delta_1920,delta_like,0.2366544513336405,0.2366544513336405,0.2233089089172806
57.0,meson_ds_star_2090_DOF,charmed_meson,0.6321976473657724,0.6321976473657724,total,meson_ds_star,charmed_meson,1.4708972273034235,1.4708972273034235,0.8386995799376511
58.0,lambda_c_2765,charmed_baryon,0.814628944153711,0.814628944153711,total,xi_c_2645,charmed_baryon,1.9268551421572455,1.9268551421572455,1.1122261980035346
59.0,meson_d_star_zero,charmed_meson,0.5731088604539187,0.5731088604539187,total,meson_d_star_plus,charmed_meson,0.6563145776842906,0.6563145776842906,0.08320571723037185
60.0,lambda_c_2765,charmed_baryon,3.5064216847357845,3.5064216847357845,total,xi_c_plus,charmed_baryon,4.362680634776612,4.362680634776612,0.8562589500408273
61.0,delta_1620,delta_like,0.11444459898147007,0.11444459898147007,total,delta_1600,delta_like,0.26168886165540717,0.26168886165540717,0.1472442626739371
62.0,delta_1600,delta_like,0.1181015605459895,0.1181015605459895,total,meson_phi_1680,meson,2.442880793927976,2.442880793927976,2.3247792333819866
63.0,lambda_c,charmed_baryon,3.895501994724911,3.895501994724911,total,lambda_c_2765,charmed_baryon,4.016299521937003,4.016299521937003,0.1207975272120918
64.0,meson_ds_star_2090_DOF,charmed_meson,0.6666742940950211,0.6666742940950211,total,meson_ds_star,charmed_meson,1.5111199816293432,1.5111199816293432,0.8444456875343221
65.0,nucleon_1720,nucleon_like,0.05404023489899667,0.05404023489899667,total,rho_1700,rho_like,0.08646437454142908,0.08646437454142908,0.03242413964243241
66.0,delta_1950,delta_like,0.09249627915007515,0.09249627915007515,total,meson_ds,charmed_meson,0.4458395168053488,0.4458395168053488,0.35334323765527365
67.0,lambda_c,charmed_baryon,2.263026768848658,2.263026768848658,total,delta_1600,delta_like,4.274663053902246,4.274663053902246,2.0116362850535876
68.0,triton,nucleus,0.12301618389945931,0.12301618389945931,total,lambda_c_2765,charmed_baryon,0.39230646947693676,0.39230646947693676,0.2692902855774775
69.0,lambda_c_2765,charmed_baryon,0.8009934275900672,0.8009934275900672,total,xi_c_2645,charmed_baryon,1.995032722248362,1.995032722248362,1.1940392946582947
70.0,meson_d_star_zero,charmed_meson,0.913488277694079,0.913488277694079,total,meson_d_star_plus,charmed_meson,1.1396533430173508,1.1396533430173508,0.22616506532327174
71.0,delta_1930,delta_like,0.03618545859536239,0.03618545859536239,total,delta_1920,delta_like,0.28618545234536275,0.28618545234536275,0.24999999375000037
72.0,delta_1950,delta_like,0.15896691622066264,0.15896691622066264,total,meson_ds,charmed_meson,0.33505512316482816,0.33505512316482816,0.17608820694416552
73.0,delta_1910,delta_like,0.021121696177567702,0.021121696177567702,total,delta_1900,delta_like,0.1842680774288669,0.1842680774288669,0.16314638125129918
74.0,,,inf,inf,total,,,inf,inf,
75.0,delta_1930,delta_like,0.08762538305936628,0.08762538305936628,total,delta_1920,delta_like,0.1623746106906341,0.1623746106906341,0.07474922763126783
76.0,delta_1600,delta_like,0.44318640857875713,0.44318640857875713,total,delta_1232,delta_like,3.0152203525477974,3.0152203525477974,2.57203394396904
77.0,delta_1950,delta_like,0.13018315139633788,0.13018315139633788,total,delta_1930,delta_like,0.3372710490682231,0.3372710490682231,0.2070878976718852
78.0,meson_ds,charmed_meson,0.050120278662656316,0.050120278662656316,total,delta_1950,delta_like,0.3299278252014444,0.3299278252014444,0.2798075465387881
79.0,meson_ds_star_2090_DOF,charmed_meson,0.707650908638536,0.707650908638536,total,meson_ds_star,charmed_meson,1.5589260317024627,1.5589260317024627,0.8512751230639267
80.0,lambda_c_2765,charmed_baryon,0.2766091100339081,0.2766091100339081,total,triton,nucleus,0.5086740397108717,0.5086740397108717,0.23206492967696357
81.0,xi_c_plus,charmed_baryon,0.3034643738779959,0.3034643738779959,total,meson_ds1_2460,charmed_meson,2.2703141039372206,2.2703141039372206,1.9668497300592247
82.0,meson_ds,charmed_meson,0.33085700697143755,0.33085700697143755,total,delta_1950,delta_like,0.5585141996297189,0.5585141996297189,0.22765719265828138
83.0,meson_ds,charmed_meson,0.08667585011080799,0.08667585011080799,total,delta_1950,delta_like,0.412005503559892,0.412005503559892,0.32532965344908404
84.0,delta_1950,delta_like,0.07048190659036152,0.07048190659036152,total,delta_1930,delta_like,0.41189760470256076,0.41189760470256076,0.34141569811219924
85.0,lambda_c_2860,charmed_baryon,0.31008597479655825,0.31008597479655825,total,lambda_c_2765,charmed_baryon,0.9775214870247829,0.9775214870247829,0.6674355122282247
86.0,delta_1600,delta_like,0.4975746976828355,0.4975746976828355,total,delta_1232,delta_like,2.9336379191636213,2.9336379191636213,2.4360632214807856
87.0,delta_1930,delta_like,0.13416549214586204,0.13416549214586204,total,delta_1950,delta_like,0.2926675977466489,0.2926675977466489,0.15850210560078687
88.0,delta_1910,delta_like,0.028436169631280157,0.028436169631280157,total,delta_1900,delta_like,0.19036347199394524,0.19036347199394524,0.1619273023626651
89.0,eta_c,charmonium,0.49982764633907867,0.49982764633907867,total,j_psi,charmonium,1.3067355840435253,1.3067355840435253,0.8069079377044466
90.0,delta_1950,delta_like,0.20883653382326833,0.20883653382326833,total,meson_ds,charmed_meson,0.2519390949353657,0.2519390949353657,0.04310256111209737
91.0,xi_c_prime_2575,charmed_baryon,0.33805079048724235,0.33805079048724235,total,lambda_c_2765,charmed_baryon,1.893522016064779,1.893522016064779,1.5554712255775367
92.0,meson_phi_1680,meson,0.14964654300884053,0.14964654300884053,total,delta_1700,delta_like,0.3295118222545975,0.3295118222545975,0.179865279245757
93.0,delta_1920,delta_like,0.10970957700726086,0.10970957700726086,total,delta_1930,delta_like,0.1402904167427395,0.1402904167427395,0.03058083973547865
94.0,delta_1900,delta_like,0.04509191091513704,0.04509191091513704,total,delta_1910,delta_like,0.14588970308220345,0.14588970308220345,0.10079779216706641
95.0,meson_ds_star_2090_DOF,charmed_meson,0.39405398759845184,0.39405398759845184,total,meson_ds_star,charmed_meson,1.193062958897903,1.193062958897903,0.799008971299451
96.0,meson_d_star_zero,charmed_meson,0.8758623811316048,0.8758623811316048,total,meson_d_star_plus,charmed_meson,1.086224570688781,1.086224570688781,0.21036218955717623
97.0,meson_ds_star_2180_DOF,charmed_meson,1.3693650050635116,1.3693650050635116,total,meson_ds_star,charmed_meson,2.2564549721181657,2.2564549721181657,0.8870899670546541
98.0,lambda_c_2765,charmed_baryon,0.5732743443672558,0.5732743443672558,total,xi_c_2645,charmed_baryon,3.133628092818604,3.133628092818604,2.5603537484513486
99.0,lambda_c,charmed_baryon,1.2816941764152887,1.2816941764152887,total,delta_1600,delta_like,4.40550740522995,4.40550740522995,3.1238132288146616
100.0,meson_d_star_zero,charmed_meson,0.31864900145602004,0.31864900145602004,total,meson_d_star_plus,charmed_meson,0.6099815675009084,0.6099815675009084,0.29133256604488833
101.0,meson_ds,charmed_meson,0.48185362227154943,0.48185362227154943,total,delta_1950,delta_like,0.649112170017759,0.649112170017759,0.16725854774620957
102.0,delta_1950,delta_like,0.10159753936804954,0.10159753936804954,total,meson_ds,charmed_meson,0.4306707499776417,0.4306707499776417,0.32907321060959216
103.0,meson_ds_star_2090_DOF,charmed_meson,0.10143884653031096,0.10143884653031096,total,meson_ds_star,charmed_meson,0.8516786292773781,0.8516786292773781,0.7502397827470672
104.0,meson_ds_star_2090_DOF,charmed_meson,0.9762149995367159,0.9762149995367159,total,meson_d_star_zero,charmed_meson,1.7247349406783392,1.7247349406783392,0.7485199411416233
105.0,eta_c,charmonium,1.3162220661259294,1.3162220661259294,total,lambda_c_2765,charmed_baryon,1.7851333491486667,1.7851333491486667,0.4689112830227373
106.0,meson_ds_star_2090_DOF,charmed_meson,1.0232228859079089,1.0232228859079089,total,meson_d_star_zero,charmed_meson,1.6668026867323045,1.6668026867323045,0.6435798008243956
107.0,meson_d_star_zero,charmed_meson,0.9394248898089779,0.9394248898089779,total,meson_d_star_plus,charmed_meson,1.1764833316758383,1.1764833316758383,0.23705844186686043
108.0,lambda_c_2765,charmed_baryon,0.11012704859873126,0.11012704859873126,total,triton,nucleus,1.7977945384068583,1.7977945384068583,1.687667489808127
109.0,xi_c_plus,charmed_baryon,1.7366367052803031,1.7366367052803031,total,meson_ds1_2536,charmed_meson,2.322517773874109,2.322517773874109,0.5858810685938061
110.0,meson_d_star_zero,charmed_meson,0.0,0.0,total,meson_d_star_plus,charmed_meson,0.1574999921249886,0.1574999921249886,0.1574999921249886
111.0,lambda_c_2765,charmed_baryon,1.582438734375614,1.582438734375614,total,eta_c,charmonium,1.9918707662709687,1.9918707662709687,0.4094320318953546
112.0,meson_ds_star_2090_DOF,charmed_meson,0.5849261978592437,0.5849261978592437,total,meson_ds_star,charmed_meson,1.415747203141759,1.415747203141759,0.8308210052825153
113.0,omega_baryon,strange_baryon,0.3748467395875876,0.3748467395875876,total,delta_1600,delta_like,0.3900367773997545,0.3900367773997545,0.015190037812166934
114.0,delta_1900,delta_like,0.0698739395021029,0.0698739395021029,total,delta_1910,delta_like,0.11615126887697252,0.11615126887697252,0.04627732937486963
115.0,meson_d_star_zero,charmed_meson,0.33709303883475356,0.33709303883475356,total,meson_d_star_plus,charmed_meson,0.6361721001913853,0.6361721001913853,0.2990790613566317
116.0,lambda_c_2595,charmed_baryon,0.4831701394716018,0.4831701394716018,total,lambda_c_2765,charmed_baryon,1.711009769689904,1.711009769689904,1.2278396302183023
117.0,delta_1950,delta_like,0.1414573563708541,0.1414573563708541,total,delta_1930,delta_like,0.32317829292054157,0.32317829292054157,0.18172093654968746
118.0,meson_ds_star_2090_DOF,charmed_meson,0.521019899970852,0.521019899970852,total,meson_ds_star,charmed_meson,1.3411898559603368,1.3411898559603368,0.8201699559894848
119.0,sigma_1775,strange_baryon,0.43902823669906166,0.43902823669906166,total,tau,lepton,0.5585423490728868,0.5585423490728868,0.11951411237382514
120.0,meson_ds_star,charmed_meson,0.22555198614826585,0.22555198614826585,total,meson_ds_star_2090_DOF,charmed_meson,0.8219016853742432,0.8219016853742432,0.5963496992259774
121.0,delta_1920,delta_like,0.03274249493144206,0.03274249493144206,total,delta_1930,delta_like,0.21725749881855833,0.21725749881855833,0.18451500388711628
122.0,nucleon_1720,nucleon_like,0.07662262183443452,0.07662262183443452,total,rho_1700,rho_like,0.12259619309615237,0.12259619309615237,0.04597357126171785
123.0,delta_1950,delta_like,0.20019387599612384,0.20019387599612384,total,meson_ds,charmed_meson,0.2663435244552141,0.2663435244552141,0.06614964845909024
124.0,meson_d_star_zero,charmed_meson,0.8731199551718293,0.8731199551718293,total,meson_d_star_plus,charmed_meson,1.0823303258834909,1.0823303258834909,0.2092103707116616
125.0,meson_ds1_2536,charmed_meson,1.5764538856772965,1.5764538856772965,total,lambda_c_2765,charmed_baryon,1.9947091871529086,1.9947091871529086,0.4182553014756121
126.0,delta_1950,delta_like,0.04171773736564527,0.04171773736564527,total,meson_ds,charmed_meson,0.5304704186509865,0.5304704186509865,0.4887526812853413
127.0,delta_1950,delta_like,0.08632699267346128,0.08632699267346128,total,meson_ds,charmed_meson,0.4561216607959433,0.4561216607959433,0.369794668122482
128.0,meson_ds,charmed_meson,0.36521539249282065,0.36521539249282065,total,delta_1950,delta_like,0.5791292312174159,0.5791292312174159,0.21391383872459524
129.0,lambda_c,charmed_baryon,2.872887981855596,2.872887981855596,total,meson_ds_star,charmed_meson,3.9000744529975164,3.9000744529975164,1.0271864711419205
