run_id,dof_grade,dof_family_id,dof_family_friendly,R_S1_Q,R_S2_S1,dominant_parity,lock_Q0_S1_0_1-1_ratio,band_count,rho_lock,lock_quality_Q,participation_entropy,dna_cluster_id
0,A,F58FC,LOCKED_lowEnt_midBands_S1Q_bin8_S2S1_bin3,8.190577463402574,5.508369100799793,,0.6508499025336822,11,0.5310521313334919,0.9996227863065218,0.0035068249003182804,
1,B,F254E,LOCKED_midEnt_midBands_S1Q_bin7_S2S1_bin3,5.592283265381457,4.174484604502554,,0.6029590269535384,11,0.38829658797317806,0.9981417776518221,0.013857012408605143,
10,A,F6A11,LOCKED_lowEnt_hiBands_S1Q_bin8_S2S1_bin3,9.623156709368168,6.878636452484123,,0.6129314453899698,17,0.188557924803442,0.9997921590482778,0.002111769035585352,
100,B,F3819,LOCKED_midEnt_hiBands_S1Q_bin8_S2S1_bin3,8.46243732763316,6.928672869955678,,0.6238184390075737,18,0.2939255203418937,0.9986971068861007,0.010780319780401351,
101,A,F0269,LOCKED_lowEnt_midBands_S1Q_bin2_S2S1_bin3,2.8850229848178857,5.7558886102648055,,0.6349065882465386,11,0.39328195751604283,0.9994076013145535,0.005274553512207494,
102,A,F6ABF,LOCKED_lowEnt_vhiBands_S1Q_bin4_S2S1_bin3,3.992795019408602,6.754138660764813,,0.6007575135018045,22,0.2809378910144195,0.9998012335313929,0.002000252945250273,
103,B,FD675,LOCKED_midEnt_vhiBands_S1Q_bin1_S2S1_bin3,2.1846652432834506,8.47486241074858,,0.6552831236369111,21,0.17287377499691342,0.9987077453176144,0.010446143902899366,
104,A,FBB22,LOCKED_lowEnt_vhiBands_S1Q_bin7_S2S1_bin3,5.225251042520608,3.0866618954803795,,0.6400186310364666,20,0.33209037877002856,0.9993340827296315,0.005880297861065335,
105,A,FDDA9,LOCKED_lowEnt_midBands_S1Q_bin8_S2S1_bin3,7.409411759063901,2.613145018617117,,0.6568735363319023,11,0.4628418373612206,0.9997045349254311,0.002898019964261996,
106,A,F387F,LOCKED_lowEnt_hiBands_S1Q_bin8_S2S1_bin3,7.391289498595708,7.975442456571783,,0.6007827882365187,17,0.3793744741369485,0.9989067826968293,0.00896861423059165,
107,A,F0269,LOCKED_lowEnt_midBands_S1Q_bin2_S2S1_bin3,2.84575696414408,2.2790057313803844,,0.6122652635745094,11,0.38096270095651436,0.9997879347203124,0.0020767050726623448,
108,A,F6D97,LOCKED_lowEnt_midBands_S1Q_bin8_S2S1_bin3,8.040696928047462,8.793561221964739,,0.6170870076271809,11,0.3652587527253382,0.9996158528636614,0.0035785187820939167,
109,A,F3CEA,LOCKED_lowEnt_vhiBands_S1Q_bin6_S2S1_bin3,4.90273825649094,7.565121919343789,,0.6339260162572848,22,0.3741376084125011,0.9997649385484674,0.002362042795675492,
11,A,F387F,LOCKED_lowEnt_hiBands_S1Q_bin8_S2S1_bin3,8.584158899712945,6.30934978142105,,0.648374450634293,15,0.38167907467325723,0.9999304263474896,0.000781045955241623,
110,A,FDDBA,LOCKED_lowEnt_vhiBands_S1Q_bin8_S2S1_bin3,6.661581959094541,4.794363054128297,,0.6181980058993684,21,0.29711462331891947,0.9990778006583122,0.007895387961624482,
111,A,F387F,LOCKED_lowEnt_hiBands_S1Q_bin8_S2S1_bin3,6.971909242430279,6.53624518640781,,0.6389244083761789,16,0.39056360636637355,0.9998031591829044,0.0019723474588852694,
112,A,F6ABF,LOCKED_lowEnt_vhiBands_S1Q_bin4_S2S1_bin3,3.7804352038287083,6.363782417463287,,0.6356753048161957,21,0.2837269188260251,0.9994777839216663,0.004813013235702738,
113,A,FCF8D,LOCKED_lowEnt_hiBands_S1Q_bin8_S2S1_bin3,8.029113225368613,3.963898516332804,,0.6128121583292725,17,0.41529996105356454,0.9995870941347571,0.0038908738816483875,
114,A,F5139,LOCKED_lowEnt_vhiBands_S1Q_bin8_S2S1_bin3,7.601003786955913,8.352977135719538,,0.6173349770075782,20,0.3026501191117154,0.9992500804997773,0.006665503196258622,
115,A,FB4E3,LOCKED_lowEnt_maxBands_S1Q_bin8_S2S1_bin3,6.146511869034579,8.736208889641434,,0.6150352240114385,26,0.4514476762101285,0.9997540045455888,0.0024022202498885804,
116,B,F1294,LOCKED_midEnt_midBands_S1Q_bin5_S2S1_bin3,4.223534812702346,3.100674870343157,,0.6431182659371002,12,0.5732890661690866,0.9986115708210842,0.011481710628069616,
117,B,F3819,LOCKED_midEnt_hiBands_S1Q_bin8_S2S1_bin3,8.265034769754987,5.374578771997294,,0.6456299823132196,17,0.22187209882705428,0.9986047705215249,0.01080956611783572,
118,A,F9A4B,LOCKED_lowEnt_vhiBands_S1Q_bin2_S2S1_bin3,2.6689565732381544,8.479807946753043,,0.6336208191703563,20,0.22533790337410295,0.9995953948433991,0.0037990789894757422,
119,A,FDDA9,LOCKED_lowEnt_midBands_S1Q_bin8_S2S1_bin3,7.089956650319785,4.631094342060498,,0.600648524441075,12,0.4526491972040376,0.9991797883948944,0.007131701519257792,
12,B,FDFE8,LOCKED_lowEnt_maxBands_S1Q_bin4_S2S1_bin3,3.54184425470706,2.8220194724182037,,0.6513240748259799,28,0.13463832970264347,0.9990232924557076,0.00824852482648902,
120,B,FB8D8,LOCKED_lowEnt_vhiBands_S1Q_bin3_S2S1_bin3,3.1626954388319493,7.124432196717571,,0.6158263148126091,21,0.1515784079529091,0.9998523533358809,0.0015337693106494401,
121,A,FFC97,LOCKED_lowEnt_vhiBands_S1Q_bin8_S2S1_bin3,8.994296806008903,2.387720984293386,,0.6319975111527996,23,0.1647942524914875,0.9995235960148606,0.004306747801028804,
122,A,F387F,LOCKED_lowEnt_hiBands_S1Q_bin8_S2S1_bin3,8.285961662513047,9.634098940705389,,0.6061756949230913,19,0.3433237724957586,0.9995599648576,0.004090513386006726,
123,A,FFC97,LOCKED_lowEnt_vhiBands_S1Q_bin8_S2S1_bin3,6.840675916295212,9.89472890968485,,0.6132819956071567,22,0.1705410749301384,0.9994974244231084,0.004574897083318383,
124,A,F0269,LOCKED_lowEnt_midBands_S1Q_bin2_S2S1_bin3,2.511787045242865,2.8337748137326555,,0.6494128126104508,13,0.33545917043132123,0.9997535452428001,0.0023942899135834736,
125,A,F6D97,LOCKED_lowEnt_midBands_S1Q_bin8_S2S1_bin3,6.641408137422322,6.892224263214735,,0.6293741938299908,12,0.38643452904367065,0.9996725044214191,0.003131914413536708,
126,A,F012B,LOCKED_lowEnt_midBands_S1Q_bin1_S2S1_bin3,2.173921905675802,8.225345306348801,,0.6587117016096616,11,0.37984660975783036,0.999851790625889,0.001526057707054326,
127,A,FFC97,LOCKED_lowEnt_vhiBands_S1Q_bin8_S2S1_bin3,8.320586180103236,9.92351968085312,,0.6299882521950032,24,0.17912968795197992,0.9995242465247642,0.004292235489345503,
128,A,F4EEF,LOCKED_lowEnt_maxBands_S1Q_bin8_S2S1_bin3,6.773669616074926,8.283012239215516,,0.6015917265074873,28,0.31428795245399405,0.9993402729635958,0.005805433008621118,
129,A,F2447,LOCKED_lowEnt_midBands_S1Q_bin4_S2S1_bin3,3.716394737938254,2.0490719040710794,,0.6132774536100744,12,0.49324794201175487,0.9995423282633995,0.00415537636576548,
13,A,F4EEF,LOCKED_lowEnt_maxBands_S1Q_bin8_S2S1_bin3,6.274601095260091,9.94831338304731,,0.6571399745927542,25,0.3118615844335179,0.9998047036917365,0.00198510554730948,
14,B,F15E4,LOCKED_midEnt_hiBands_S1Q_bin8_S2S1_bin3,7.099154947322618,2.40217084348845,,0.658564974334545,17,0.5215799988179696,0.9983104519723324,0.013228104358628031,
15,A,FB7C0,LOCKED_lowEnt_midBands_S1Q_bin6_S2S1_bin3,4.7540222070309595,6.453915469024809,,0.6155196590279415,14,0.30332473474374344,0.9994081726725528,0.0052139750920166626,
16,A,F6D97,LOCKED_lowEnt_midBands_S1Q_bin8_S2S1_bin3,7.890937471607563,7.42224915242656,,0.6297693495760309,11,0.3691716349608935,0.9996377872591263,0.003420924542499909,
17,A,FDDBA,LOCKED_lowEnt_vhiBands_S1Q_bin8_S2S1_bin3,6.973104746637657,6.8808370021257526,,0.6360811780629054,23,0.20132057554666785,0.9996607698737209,0.003277440292145456,
18,A,F0451,LOCKED_lowEnt_hiBands_S1Q_bin2_S2S1_bin3,2.569979606095883,8.421083503986132,,0.6530147466894793,16,0.19991988167141242,0.9997525909422561,0.0024161734678176394,
19,A,FF1CE,LOCKED_lowEnt_hiBands_S1Q_bin5_S2S1_bin3,4.289370225269431,3.11422530830273,,0.6246163164330593,19,0.4141782890302605,0.9990708894300391,0.007925761539645627,
2,B,F671E,LOCKED_lowEnt_midBands_S1Q_bin8_S2S1_bin3,8.432068213157832,7.721908725544431,,0.6433343385384893,12,0.10610594849864104,0.999680283441712,0.003081825523020762,
20,C,F64F1,REJECTED,4.113110007134626,2.311931405897532,,0.6037041171839128,30,0.18753361931951423,0.0005983081709339791,0.010146659709441813,
21,A,FDDA9,LOCKED_lowEnt_midBands_S1Q_bin8_S2S1_bin3,9.186521606092692,4.022923212242161,,0.641216176589952,11,0.4536238477448515,0.9992269133914565,0.006847897827101268,
22,A,F59C9,LOCKED_lowEnt_midBands_S1Q_bin8_S2S1_bin3,6.641518626423785,5.010929393725516,,0.6488496153042712,11,0.2545094152996141,0.999336223127857,0.005696488202352997,
23,A,FDDA9,LOCKED_lowEnt_midBands_S1Q_bin8_S2S1_bin3,8.62476887545211,7.745470139064363,,0.633733147040696,12,0.4777158612779234,0.9995660894040705,0.004078011581823006,
24,A,F5139,LOCKED_lowEnt_vhiBands_S1Q_bin8_S2S1_bin3,9.664542089124794,6.682866812868381,,0.6460035509840213,20,0.39351081746808614,0.9996528253759358,0.003328837545550385,
25,A,F7881,LOCKED_lowEnt_maxBands_S1Q_bin8_S2S1_bin3,6.596938199646023,8.90276158797709,,0.6151898371637343,28,0.2334350234786211,0.9998457376075336,0.0016151149928469023,
26,A,F2821,LOCKED_lowEnt_midBands_S1Q_bin4_S2S1_bin3,3.6464227982584347,3.489443490786873,,0.6281316591244825,11,0.6303925671255145,0.9994230848157692,0.00502151807394473,
27,A,FFC97,LOCKED_lowEnt_vhiBands_S1Q_bin8_S2S1_bin3,8.063143341842691,9.516072308733452,,0.6384261775682305,22,0.17335790991625394,0.9996656597585112,0.0031662047773306336,
28,B,F0BE7,LOCKED_lowEnt_vhiBands_S1Q_bin4_S2S1_bin3,3.9800129430068605,9.311753160391326,,0.6469960651066071,23,0.15397202411443478,0.9995825717211223,0.0039001408570000975,
29,B,F1242,LOCKED_midEnt_midBands_S1Q_bin7_S2S1_bin3,5.565629226607609,5.274811962018436,,0.6083344172154579,12,0.4331029246689659,0.9984996975056003,0.012254817616977557,
3,A,F667F,LOCKED_lowEnt_midBands_S1Q_bin7_S2S1_bin3,5.844824143506975,4.623707626972141,,0.6305449642261873,12,0.400174346331738,0.9989224955854622,0.009172173173134863,
30,A,F6D97,LOCKED_lowEnt_midBands_S1Q_bin8_S2S1_bin3,9.876607301128313,7.422566953534375,,0.5994272868496464,12,0.34941090879090086,0.9995300057172082,0.004250479721719322,
31,A,F7881,LOCKED_lowEnt_maxBands_S1Q_bin8_S2S1_bin3,8.557635187269982,5.865302047942965,,0.6304145125873649,28,0.2719725400449226,0.9996433392706029,0.0033998829446081976,
32,A,F387F,LOCKED_lowEnt_hiBands_S1Q_bin8_S2S1_bin3,8.929572644061194,9.378748898211503,,0.6318894167530826,17,0.37149963165411914,0.9997396849831061,0.0025347607256901894,
33,A,F5139,LOCKED_lowEnt_vhiBands_S1Q_bin8_S2S1_bin3,6.878348486510452,3.028964775820166,,0.6481958318202665,20,0.3488975889728263,0.9995385375989831,0.004300128022308125,
34,A,F10EA,LOCKED_lowEnt_vhiBands_S1Q_bin4_S2S1_bin3,3.7566913984157875,9.484101514173263,,0.5971541302964879,22,0.3086067939063521,0.9998154188655207,0.0018812795752600506,
35,A,F2392,LOCKED_lowEnt_hiBands_S1Q_bin8_S2S1_bin3,7.872301245699462,8.940155644975178,,0.6445525396390236,17,0.20758605506875857,0.9998225569237524,0.0017962318227843427,
36,A,F7881,LOCKED_lowEnt_maxBands_S1Q_bin8_S2S1_bin3,8.72680218337384,8.147039247212698,,0.6363454316303052,29,0.25077701805791835,0.9996779783883984,0.003048386152902826,
37,A,F6D97,LOCKED_lowEnt_midBands_S1Q_bin8_S2S1_bin3,6.478375500780455,6.2907253765005855,,0.6489680840112695,12,0.3534921071343403,0.9995796253571099,0.003943666465239087,
38,A,FA8CD,LOCKED_lowEnt_midBands_S1Q_bin6_S2S1_bin3,4.837425044111631,7.121296289408991,,0.631217560588135,13,0.43442027809600964,0.999064012639094,0.008102037915576812,
39,A,F58FC,LOCKED_lowEnt_midBands_S1Q_bin8_S2S1_bin3,6.22955431885893,2.2632895015493095,,0.6209670746112451,11,0.7784414127945435,0.9992713064717684,0.006377273941488154,
4,A,FDDA9,LOCKED_lowEnt_midBands_S1Q_bin8_S2S1_bin3,8.406767858562155,9.42202135886859,,0.6454156056700866,12,0.48058841343513664,0.9996347329738714,0.003485151743696476,
40,A,FC852,LOCKED_lowEnt_maxBands_S1Q_bin4_S2S1_bin3,3.562362636835984,8.400652954552932,,0.618281658158173,26,0.19973439096994638,0.9996932298817782,0.002956177269820671,
41,A,F2821,LOCKED_lowEnt_midBands_S1Q_bin4_S2S1_bin3,3.938644409020732,6.332619984906388,,0.6383381551108626,11,0.5387648604249894,0.9995859762370091,0.003906272264561669,
42,B,F8AF9,LOCKED_midEnt_midBands_S1Q_bin7_S2S1_bin3,5.364550057791808,5.315261083144084,,0.617459355491192,11,0.26808668468173924,0.9987203998793739,0.01064621866577906,
43,A,F4C22,LOCKED_lowEnt_vhiBands_S1Q_bin5_S2S1_bin3,4.424243110976006,9.010171515171324,,0.6071284706325853,20,0.16774578743557314,0.999456084870079,0.004918009064589267,
44,B,F66F6,LOCKED_midEnt_midBands_S1Q_bin2_S2S1_bin3,2.616043124466897,8.996489356810772,,0.6562231064018001,12,0.3792301662348556,0.9980520612186412,0.015031235276644905,
45,A,FFC97,LOCKED_lowEnt_vhiBands_S1Q_bin8_S2S1_bin3,9.735420515032917,8.943513062971642,,0.6169395890626594,22,0.16362013345846463,0.9997120943632076,0.002764646425088321,
46,A,FFF8B,LOCKED_lowEnt_midBands_S1Q_bin7_S2S1_bin3,5.147806229478171,9.997717457557291,,0.6110412558200891,12,0.3556693867227833,0.9996521493471047,0.003323989004443111,
47,A,F7E9D,LOCKED_lowEnt_maxBands_S1Q_bin1_S2S1_bin3,2.050318989093465,8.838873804751486,,0.6411217653399832,30,0.2662034308786332,0.9996558990362865,0.003294573087309246,
48,A,FB7C0,LOCKED_lowEnt_midBands_S1Q_bin6_S2S1_bin3,4.746229024711027,4.911845094693162,,0.6594091876464409,12,0.3536557897506232,0.9996865563161575,0.002980559294059296,
49,C,FCEA4,REJECTED,,,,,0,,,,
5,A,F6D97,LOCKED_lowEnt_midBands_S1Q_bin8_S2S1_bin3,7.641855232019592,5.099833348071699,,0.6371708247057623,11,0.3862054715159813,0.9994552935399219,0.004936383741697897,
50,A,F9B65,LOCKED_lowEnt_midBands_S1Q_bin5_S2S1_bin3,4.09483425362533,2.7361723399740994,,0.6317126761350771,13,0.4036645491052658,0.9997461018094114,0.0024572668854549,
51,A,FB7C0,LOCKED_lowEnt_midBands_S1Q_bin6_S2S1_bin3,4.834187169833682,3.3033691515642323,,0.611134369625902,12,0.3179104020226197,0.999681599723028,0.0029590668445454824,
52,B,F4DE8,SOFT_LOCK_midEnt_midBands_S1Q_bin3_S2S1_bin3,3.4044429119164112,3.5381185964033977,,0.6060498345020249,11,0.7074445502768346,0.9977567529053051,0.017353899389785914,
53,A,F5139,LOCKED_lowEnt_vhiBands_S1Q_bin8_S2S1_bin3,7.131467661390204,6.914685455716307,,0.5975559361683714,23,0.3615786257124173,0.9990920658240661,0.007708182688265332,
54,A,FCF8D,LOCKED_lowEnt_hiBands_S1Q_bin8_S2S1_bin3,9.250061664066555,4.386465772737049,,0.614213460766375,16,0.40338486276992475,0.9994761030207264,0.0046738549205605625,
55,B,F644D,LOCKED_midEnt_midBands_S1Q_bin6_S2S1_bin3,4.659773337721359,7.225272041993642,,0.6314266810762784,11,0.5370424391279504,0.9986104447133631,0.011459290029011113,
56,A,FFC97,LOCKED_lowEnt_vhiBands_S1Q_bin8_S2S1_bin3,8.687432772421008,7.540476308140166,,0.6342450098429494,21,0.19778520065950395,0.9998854227526704,0.0012182861466412764,
57,A,F0DB2,LOCKED_lowEnt_hiBands_S1Q_bin7_S2S1_bin3,5.139138195503964,2.7643345555366095,,0.6136260444468303,19,0.1755931992346051,0.9998099647285891,0.0019467624414836217,
58,A,FCDD6,LOCKED_lowEnt_midBands_S1Q_bin7_S2S1_bin3,5.607644352373562,2.340594568120636,,0.5971505361627166,14,0.542407843200912,0.9991648330531007,0.007257908148195208,
59,B,F94E8,LOCKED_midEnt_lowBands_S1Q_bin8_S2S1_bin3,9.078780072136007,3.1031404159676588,,0.6003150194552294,6,0.1830881814939822,0.9980960478148169,0.015104935949612895,
6,A,F387F,LOCKED_lowEnt_hiBands_S1Q_bin8_S2S1_bin3,8.92301495994699,7.914217256180699,,0.6472228503866798,18,0.3176111018215882,0.9997921817292669,0.002082283707065139,
60,A,F667F,LOCKED_lowEnt_midBands_S1Q_bin7_S2S1_bin3,5.457939174986511,3.641573154013262,,0.6316736390533031,11,0.4394201931870208,0.9987575007722594,0.009847416867106572,
61,A,F6D97,LOCKED_lowEnt_midBands_S1Q_bin8_S2S1_bin3,9.934122083509871,6.5454546833896305,,0.6041300015971663,14,0.3369884196197135,0.9994561762017954,0.004868574381181816,
62,B,FABA5,LOCKED_midEnt_hiBands_S1Q_bin8_S2S1_bin3,9.678732714682818,8.565036994018573,,0.6347122307867482,15,0.3988080090552536,0.9982246445509347,0.013840083600825176,
63,A,FFF8B,LOCKED_lowEnt_midBands_S1Q_bin7_S2S1_bin3,5.6561357051706285,7.28264743846028,,0.6526791367732869,12,0.38749279202866016,0.9992355883400904,0.006528328372518113,
64,A,FEAFA,LOCKED_lowEnt_vhiBands_S1Q_bin1_S2S1_bin3,2.482325569854922,7.241206525075674,,0.6286309443359144,20,0.40667487591435053,0.9995678753046642,0.004019073263813087,
65,A,F6D97,LOCKED_lowEnt_midBands_S1Q_bin8_S2S1_bin3,7.023781902616597,6.976970277863893,,0.6171205507608917,12,0.3918211431738451,0.9995165503182819,0.0045052006258981345,
66,C,F6D65,REJECTED,8.705727988865915,7.878289032610127,,0.6214940568141406,30,0.4740435042178108,0.00011235355062495791,0.012417365208580658,
67,A,FE98A,LOCKED_lowEnt_midBands_S1Q_bin1_S2S1_bin3,2.353630338618771,7.129644387081274,,0.6326030070429731,11,0.4559942459487942,0.999604618254498,0.0037632068150258158,
68,A,F59C9,LOCKED_lowEnt_midBands_S1Q_bin8_S2S1_bin3,8.52125042153506,2.541690568477436,,0.6403123018646749,11,0.2941270611084191,0.9993446516335482,0.005773086510578824,
69,B,F6FD7,LOCKED_midEnt_vhiBands_S1Q_bin7_S2S1_bin3,5.140179631281862,9.441605655062029,,0.6428143760193739,21,0.16035335902303208,0.9987443664532291,0.010262772985603493,
7,A,F7F8E,LOCKED_lowEnt_vhiBands_S1Q_bin7_S2S1_bin3,5.447921967707342,8.243609562752388,,0.649756991854409,23,0.2813470440701437,0.9998951132345691,0.0011182518943840694,
70,A,F59C9,LOCKED_lowEnt_midBands_S1Q_bin8_S2S1_bin3,9.941179542513087,3.288203009169726,,0.6345626325844502,14,0.2730873115427817,0.9993719678039292,0.005403968108069606,
71,C,F4CDC,REJECTED,5.12735008001383,2.359817547242461,,0.6178655118143858,30,0.256526479677178,0.0003291876290300094,0.08957221491124695,
72,B,F8FD7,LOCKED_lowEnt_maxBands_S1Q_bin6_S2S1_bin3,4.614065567048195,7.636820538834131,,0.6405228140621029,30,0.13845229693541014,0.9998142179624703,0.0018897333248911437,
73,C,F0154,REJECTED,8.854107212583143,4.134265611177589,,0.65362834518646,30,0.2689285268440207,0.0010521224497154148,0.015467145848017366,
74,C,FCEA4,REJECTED,,,,,0,,,,
75,A,F58FC,LOCKED_lowEnt_midBands_S1Q_bin8_S2S1_bin3,9.093340601786368,2.4638619505779404,,0.6495355602017747,11,0.7107994799686206,0.99920160648315,0.006847728633083491,
76,A,FDDA9,LOCKED_lowEnt_midBands_S1Q_bin8_S2S1_bin3,9.487126141462818,6.70727238176523,,0.633165219042708,11,0.40118666370763484,0.9998346800838968,0.0016915296202926382,
77,A,FDDBA,LOCKED_lowEnt_vhiBands_S1Q_bin8_S2S1_bin3,8.970215178218501,3.714201762579523,,0.6120565984935061,20,0.2741975159079072,0.9998133473348243,0.0018731618401834531,
78,A,FDDBA,LOCKED_lowEnt_vhiBands_S1Q_bin8_S2S1_bin3,7.325759463672246,9.716164542658806,,0.6555945556160566,23,0.21253609041334848,0.9998008642105446,0.001996826133904904,
79,A,F59C9,LOCKED_lowEnt_midBands_S1Q_bin8_S2S1_bin3,6.38788515506563,3.6439311981621048,,0.6223664352905046,12,0.21297176238682378,0.9995920499049906,0.003668156203044825,
8,B,F671E,LOCKED_lowEnt_midBands_S1Q_bin8_S2S1_bin3,7.459148957262997,3.1909632536187473,,0.6573185492266226,11,0.13212550083123445,0.9998458660863924,0.0015468044449249941,
80,B,F1242,LOCKED_midEnt_midBands_S1Q_bin7_S2S1_bin3,5.591735391741058,4.239074682313747,,0.6478406943281849,12,0.4687031253787354,0.9986844046582389,0.010682230929896118,
81,A,FB7C0,LOCKED_lowEnt_midBands_S1Q_bin6_S2S1_bin3,4.889759630966687,6.272877905524792,,0.597020404348165,11,0.33857081389079363,0.9993937408460571,0.005443168313138973,
82,A,FBC64,LOCKED_lowEnt_vhiBands_S1Q_bin8_S2S1_bin3,8.600880426111292,6.045588612076295,,0.6174255691671837,20,0.5340720742750301,0.999029407846759,0.007923879246190231,
83,B,FE34A,LOCKED_lowEnt_hiBands_S1Q_bin8_S2S1_bin3,7.9535108367732965,6.473839044897067,,0.6341385399927273,19,0.10789216408635818,0.9995987692791042,0.0038135652094586237,
84,A,F6315,LOCKED_lowEnt_vhiBands_S1Q_bin3_S2S1_bin3,3.3964107036010596,3.505850756598944,,0.6535436598903749,23,0.1878211213934557,0.9992871242209455,0.006131787398161899,
85,A,F387F,LOCKED_lowEnt_hiBands_S1Q_bin8_S2S1_bin3,6.380323554740305,7.566619636879054,,0.5989279629678715,19,0.3831136563647306,0.9999208248620869,0.0008793853367694913,
86,A,F667F,LOCKED_lowEnt_midBands_S1Q_bin7_S2S1_bin3,5.793715226196634,5.4666272972283165,,0.6500351900692208,11,0.42880823176915833,0.9992462441135292,0.00669309990685079,
87,B,F4237,LOCKED_lowEnt_maxBands_S1Q_bin8_S2S1_bin3,7.95043046769822,9.851074944411641,,0.6592831833501436,30,0.11711771340214364,0.999878123022396,0.001296185546075351,
88,A,F9B65,LOCKED_lowEnt_midBands_S1Q_bin5_S2S1_bin3,4.256273554260782,3.081039092352828,,0.6395146151399629,12,0.44344141785022634,0.9992163279714347,0.006543362742170218,
89,A,F387F,LOCKED_lowEnt_hiBands_S1Q_bin8_S2S1_bin3,8.25034867953162,3.1007947249960797,,0.624586835386562,19,0.37412421041964333,0.9995857085868411,0.003920963182681953,
9,B,F50D1,LOCKED_lowEnt_vhiBands_S1Q_bin8_S2S1_bin3,9.519867915425468,9.103379955194605,,0.6457454926419466,23,0.154747523144484,0.9992732713777426,0.006253092194610473,
90,B,F7E1F,LOCKED_lowEnt_vhiBands_S1Q_bin5_S2S1_bin3,4.095042508462767,6.32970261066917,,0.637054600985676,20,0.07545387773896539,0.9996647615797528,0.0032487947623009664,
91,B,FBDA3,LOCKED_midEnt_midBands_S1Q_bin4_S2S1_bin3,3.8478541543041667,4.5702797036898115,,0.637416686893409,12,0.41655022726466195,0.9987912971424091,0.01012894358139237,
92,B,F671E,LOCKED_lowEnt_midBands_S1Q_bin8_S2S1_bin3,6.975883591614207,7.274486082528137,,0.6289735684720547,11,0.10721174068849999,0.999521418529611,0.004396935234861667,
93,B,F6FD7,LOCKED_lowEnt_vhiBands_S1Q_bin7_S2S1_bin3,5.0248329149323485,2.284556231630578,,0.6128672090814414,22,0.13615496160484805,0.9998675674536848,0.0013535332357838788,
94,B,F15E4,LOCKED_midEnt_hiBands_S1Q_bin8_S2S1_bin3,7.441216520033794,5.810274161075674,,0.6436863393783223,16,0.5089383875070513,0.9985131153618996,0.011793029081527547,
95,B,FE472,LOCKED_lowEnt_hiBands_S1Q_bin7_S2S1_bin3,5.87015260350891,8.501651452815448,,0.6013215971772707,17,0.1338782363238299,0.9997042158944559,0.0028782142503432466,
96,C,F0591,REJECTED,4.5400417384837635,9.098554000493092,,0.6088053248151286,12,0.22100385621097166,0.00010985671967206379,0.0042571814668315175,
97,B,F15BA,LOCKED_midEnt_midBands_S1Q_bin8_S2S1_bin3,8.752722197422125,5.502847685413876,,0.6569345832237897,11,0.38446016613249767,0.9986041561923649,0.011259520037521595,
98,B,FE34A,LOCKED_lowEnt_hiBands_S1Q_bin8_S2S1_bin3,8.535226127818158,8.10629147073385,,0.6162688732768475,15,0.12696689490005206,0.999111672413612,0.0074862804790337915,
99,A,F51F7,LOCKED_lowEnt_midBands_S1Q_bin2_S2S1_bin3,2.5508432075242813,9.947881753706419,,0.6368869016280547,11,0.4710699409864867,0.9993436752659832,0.0058065185976967,
