run_id,accepted,reasons,band_count,lock_quality_Q,structure_tier,d_total_best,selection_config_path,selection_config_hash
48,1,,1.0,0.9996865563161575,level1,3.223532972323363,data/raw/wave1_selection.json,b1272041db1364831db88d72b114cca8f67e70416c3ea4326f99e5d53e1ea677
53,1,,2.0,0.9990920658240661,level1,0.14140839274366016,data/raw/wave1_selection.json,b1272041db1364831db88d72b114cca8f67e70416c3ea4326f99e5d53e1ea677
76,0,policy_rejected,1.0,0.9998346800838968,level1,0.44318640857875713,data/raw/wave1_selection.json,b1272041db1364831db88d72b114cca8f67e70416c3ea4326f99e5d53e1ea677
75,1,,1.0,0.99920160648315,level1,0.08762538305936628,data/raw/wave1_selection.json,b1272041db1364831db88d72b114cca8f67e70416c3ea4326f99e5d53e1ea677
26,1,,1.0,0.9994230848157692,level1,0.038549008715040106,data/raw/wave1_selection.json,b1272041db1364831db88d72b114cca8f67e70416c3ea4326f99e5d53e1ea677
28,0,dof_grade_not_a,2.0,0.9995825717211223,level1,0.21334905473301757,data/raw/wave1_selection.json,b1272041db1364831db88d72b114cca8f67e70416c3ea4326f99e5d53e1ea677
128,0,policy_rejected,3.0,0.9993402729635958,level1,0.36521539249282065,data/raw/wave1_selection.json,b1272041db1364831db88d72b114cca8f67e70416c3ea4326f99e5d53e1ea677
106,1,,2.0,0.9989067826968293,level1,1.0232228859079089,data/raw/wave1_selection.json,b1272041db1364831db88d72b114cca8f67e70416c3ea4326f99e5d53e1ea677
59,0,dof_grade_not_a;policy_rejected,1.0,0.9980960478148169,level1,0.5731088604539187,data/raw/wave1_selection.json,b1272041db1364831db88d72b114cca8f67e70416c3ea4326f99e5d53e1ea677
97,0,dof_grade_not_a;policy_rejected,1.0,0.9986041561923649,level1,1.3693650050635116,data/raw/wave1_selection.json,b1272041db1364831db88d72b114cca8f67e70416c3ea4326f99e5d53e1ea677
41,1,,1.0,0.9995859762370091,level1,0.36373979331300715,data/raw/wave1_selection.json,b1272041db1364831db88d72b114cca8f67e70416c3ea4326f99e5d53e1ea677
95,0,dof_grade_not_a,2.0,0.9997042158944559,level1,0.39405398759845184,data/raw/wave1_selection.json,b1272041db1364831db88d72b114cca8f67e70416c3ea4326f99e5d53e1ea677
126,1,,1.0,0.999851790625889,level1,0.04171773736564527,data/raw/wave1_selection.json,b1272041db1364831db88d72b114cca8f67e70416c3ea4326f99e5d53e1ea677
62,0,dof_grade_not_a;policy_rejected,1.0,0.9982246445509347,level1,0.1181015605459895,data/raw/wave1_selection.json,b1272041db1364831db88d72b114cca8f67e70416c3ea4326f99e5d53e1ea677
113,0,policy_rejected,1.0,0.9995870941347571,level1,0.3748467395875876,data/raw/wave1_selection.json,b1272041db1364831db88d72b114cca8f67e70416c3ea4326f99e5d53e1ea677
49,0,dof_grade_not_a;missing_match;unknown_particle,,,,,data/raw/wave1_selection.json,b1272041db1364831db88d72b114cca8f67e70416c3ea4326f99e5d53e1ea677
7,1,,2.0,0.9998951132345691,level1,0.08546360748454555,data/raw/wave1_selection.json,b1272041db1364831db88d72b114cca8f67e70416c3ea4326f99e5d53e1ea677
23,0,policy_rejected,1.0,0.9995660894040705,level1,1.3725876269568704,data/raw/wave1_selection.json,b1272041db1364831db88d72b114cca8f67e70416c3ea4326f99e5d53e1ea677
29,0,dof_grade_not_a;policy_rejected,1.0,0.9984996975056003,level1,0.46806400173119905,data/raw/wave1_selection.json,b1272041db1364831db88d72b114cca8f67e70416c3ea4326f99e5d53e1ea677
0,1,,1.0,0.9996227863065218,level1,0.21066088031130295,data/raw/wave1_selection.json,b1272041db1364831db88d72b114cca8f67e70416c3ea4326f99e5d53e1ea677
80,0,dof_grade_not_a;policy_rejected,1.0,0.9986844046582389,level1,0.2766091100339081,data/raw/wave1_selection.json,b1272041db1364831db88d72b114cca8f67e70416c3ea4326f99e5d53e1ea677
3,0,policy_rejected,1.0,0.9989224955854622,level1,0.10540721003061786,data/raw/wave1_selection.json,b1272041db1364831db88d72b114cca8f67e70416c3ea4326f99e5d53e1ea677
65,0,policy_rejected,1.0,0.9995165503182819,level1,0.05404023489899667,data/raw/wave1_selection.json,b1272041db1364831db88d72b114cca8f67e70416c3ea4326f99e5d53e1ea677
43,1,,2.0,0.999456084870079,level1,0.9662727758207742,data/raw/wave1_selection.json,b1272041db1364831db88d72b114cca8f67e70416c3ea4326f99e5d53e1ea677
67,1,,1.0,0.999604618254498,level1,2.263026768848658,data/raw/wave1_selection.json,b1272041db1364831db88d72b114cca8f67e70416c3ea4326f99e5d53e1ea677
96,0,dof_grade_not_a,1.0,0.00010985671967206379,none,0.8758623811316048,data/raw/wave1_selection.json,b1272041db1364831db88d72b114cca8f67e70416c3ea4326f99e5d53e1ea677
127,1,,2.0,0.9995242465247642,level1,0.08632699267346128,data/raw/wave1_selection.json,b1272041db1364831db88d72b114cca8f67e70416c3ea4326f99e5d53e1ea677
89,0,policy_rejected,1.0,0.9995857085868411,level1,0.49982764633907867,data/raw/wave1_selection.json,b1272041db1364831db88d72b114cca8f67e70416c3ea4326f99e5d53e1ea677
87,0,dof_grade_not_a;policy_rejected,2.0,0.999878123022396,level1,0.13416549214586204,data/raw/wave1_selection.json,b1272041db1364831db88d72b114cca8f67e70416c3ea4326f99e5d53e1ea677
125,1,,1.0,0.9996725044214191,level1,1.5764538856772965,data/raw/wave1_selection.json,b1272041db1364831db88d72b114cca8f67e70416c3ea4326f99e5d53e1ea677
114,1,,2.0,0.9992500804997773,level1,0.0698739395021029,data/raw/wave1_selection.json,b1272041db1364831db88d72b114cca8f67e70416c3ea4326f99e5d53e1ea677
124,1,,1.0,0.9997535452428001,level1,0.8731199551718293,data/raw/wave1_selection.json,b1272041db1364831db88d72b114cca8f67e70416c3ea4326f99e5d53e1ea677
71,0,dof_grade_not_a;policy_rejected,1.0,0.0003291876290300094,none,0.03618545859536239,data/raw/wave1_selection.json,b1272041db1364831db88d72b114cca8f67e70416c3ea4326f99e5d53e1ea677
39,1,,1.0,0.9992713064717684,level1,0.18791084841781702,data/raw/wave1_selection.json,b1272041db1364831db88d72b114cca8f67e70416c3ea4326f99e5d53e1ea677
86,0,policy_rejected,1.0,0.9992462441135292,level1,0.4975746976828355,data/raw/wave1_selection.json,b1272041db1364831db88d72b114cca8f67e70416c3ea4326f99e5d53e1ea677
55,0,dof_grade_not_a,1.0,0.9986104447133631,level1,0.39710509011580497,data/raw/wave1_selection.json,b1272041db1364831db88d72b114cca8f67e70416c3ea4326f99e5d53e1ea677
8,0,dof_grade_not_a,1.0,0.9998458660863924,level1,0.3020935739401732,data/raw/wave1_selection.json,b1272041db1364831db88d72b114cca8f67e70416c3ea4326f99e5d53e1ea677
20,0,dof_grade_not_a;policy_rejected,1.0,0.0005983081709339791,none,3.746881633031183,data/raw/wave1_selection.json,b1272041db1364831db88d72b114cca8f67e70416c3ea4326f99e5d53e1ea677
22,0,policy_rejected,1.0,0.999336223127857,level1,3.529614891703851,data/raw/wave1_selection.json,b1272041db1364831db88d72b114cca8f67e70416c3ea4326f99e5d53e1ea677
2,0,dof_grade_not_a,2.0,0.999680283441712,level1,0.1813361639732781,data/raw/wave1_selection.json,b1272041db1364831db88d72b114cca8f67e70416c3ea4326f99e5d53e1ea677
32,0,policy_rejected,2.0,0.9997396849831061,level1,1.818911040443564,data/raw/wave1_selection.json,b1272041db1364831db88d72b114cca8f67e70416c3ea4326f99e5d53e1ea677
16,0,policy_rejected,1.0,0.9996377872591263,level1,0.41949450840337105,data/raw/wave1_selection.json,b1272041db1364831db88d72b114cca8f67e70416c3ea4326f99e5d53e1ea677
94,0,dof_grade_not_a;policy_rejected,1.0,0.9985131153618996,level1,0.04509191091513704,data/raw/wave1_selection.json,b1272041db1364831db88d72b114cca8f67e70416c3ea4326f99e5d53e1ea677
70,1,,2.0,0.9993719678039292,level1,0.913488277694079,data/raw/wave1_selection.json,b1272041db1364831db88d72b114cca8f67e70416c3ea4326f99e5d53e1ea677
84,1,,2.0,0.9992871242209455,level1,0.07048190659036152,data/raw/wave1_selection.json,b1272041db1364831db88d72b114cca8f67e70416c3ea4326f99e5d53e1ea677
25,1,,2.0,0.9998457376075336,level1,0.4469761064445059,data/raw/wave1_selection.json,b1272041db1364831db88d72b114cca8f67e70416c3ea4326f99e5d53e1ea677
78,0,policy_rejected,2.0,0.9998008642105446,level1,0.050120278662656316,data/raw/wave1_selection.json,b1272041db1364831db88d72b114cca8f67e70416c3ea4326f99e5d53e1ea677
12,0,dof_grade_not_a,2.0,0.9990232924557076,level1,3.0476445776177585,data/raw/wave1_selection.json,b1272041db1364831db88d72b114cca8f67e70416c3ea4326f99e5d53e1ea677
33,1,,2.0,0.9995385375989831,level1,0.5274656360724119,data/raw/wave1_selection.json,b1272041db1364831db88d72b114cca8f67e70416c3ea4326f99e5d53e1ea677
72,0,dof_grade_not_a,3.0,0.9998142179624703,level1,0.15896691622066264,data/raw/wave1_selection.json,b1272041db1364831db88d72b114cca8f67e70416c3ea4326f99e5d53e1ea677
102,1,,2.0,0.9998012335313929,level1,0.10159753936804954,data/raw/wave1_selection.json,b1272041db1364831db88d72b114cca8f67e70416c3ea4326f99e5d53e1ea677
92,0,dof_grade_not_a,1.0,0.999521418529611,level1,0.14964654300884053,data/raw/wave1_selection.json,b1272041db1364831db88d72b114cca8f67e70416c3ea4326f99e5d53e1ea677
57,1,,2.0,0.9998099647285891,level1,0.6321976473657724,data/raw/wave1_selection.json,b1272041db1364831db88d72b114cca8f67e70416c3ea4326f99e5d53e1ea677
17,1,,2.0,0.9996607698737209,level1,0.49737812755711375,data/raw/wave1_selection.json,b1272041db1364831db88d72b114cca8f67e70416c3ea4326f99e5d53e1ea677
30,1,,1.0,0.9995300057172082,level1,1.3181586209867817,data/raw/wave1_selection.json,b1272041db1364831db88d72b114cca8f67e70416c3ea4326f99e5d53e1ea677
40,1,,2.0,0.9996932298817782,level1,0.5910386579703221,data/raw/wave1_selection.json,b1272041db1364831db88d72b114cca8f67e70416c3ea4326f99e5d53e1ea677
120,0,dof_grade_not_a,2.0,0.9998523533358809,level1,0.22555198614826585,data/raw/wave1_selection.json,b1272041db1364831db88d72b114cca8f67e70416c3ea4326f99e5d53e1ea677
117,0,dof_grade_not_a,2.0,0.9986047705215249,level1,0.1414573563708541,data/raw/wave1_selection.json,b1272041db1364831db88d72b114cca8f67e70416c3ea4326f99e5d53e1ea677
45,1,,2.0,0.9997120943632076,level1,0.1989236836215252,data/raw/wave1_selection.json,b1272041db1364831db88d72b114cca8f67e70416c3ea4326f99e5d53e1ea677
24,0,policy_rejected,1.0,0.9996528253759358,level1,0.45242915378770726,data/raw/wave1_selection.json,b1272041db1364831db88d72b114cca8f67e70416c3ea4326f99e5d53e1ea677
105,0,policy_rejected,1.0,0.9997045349254311,level1,1.3162220661259294,data/raw/wave1_selection.json,b1272041db1364831db88d72b114cca8f67e70416c3ea4326f99e5d53e1ea677
116,0,dof_grade_not_a;policy_rejected,1.0,0.9986115708210842,level1,0.4831701394716018,data/raw/wave1_selection.json,b1272041db1364831db88d72b114cca8f67e70416c3ea4326f99e5d53e1ea677
11,1,,1.0,0.9999304263474896,level1,0.4300874106637524,data/raw/wave1_selection.json,b1272041db1364831db88d72b114cca8f67e70416c3ea4326f99e5d53e1ea677
37,0,policy_rejected,1.0,0.9995796253571099,level1,0.33098921679340565,data/raw/wave1_selection.json,b1272041db1364831db88d72b114cca8f67e70416c3ea4326f99e5d53e1ea677
81,1,,1.0,0.9993937408460571,level1,0.3034643738779959,data/raw/wave1_selection.json,b1272041db1364831db88d72b114cca8f67e70416c3ea4326f99e5d53e1ea677
46,0,policy_rejected,1.0,0.9996521493471047,level1,1.5977927942220724,data/raw/wave1_selection.json,b1272041db1364831db88d72b114cca8f67e70416c3ea4326f99e5d53e1ea677
61,1,,1.0,0.9994561762017954,level1,0.11444459898147007,data/raw/wave1_selection.json,b1272041db1364831db88d72b114cca8f67e70416c3ea4326f99e5d53e1ea677
88,1,,1.0,0.9992163279714347,level1,0.028436169631280157,data/raw/wave1_selection.json,b1272041db1364831db88d72b114cca8f67e70416c3ea4326f99e5d53e1ea677
64,1,,2.0,0.9995678753046642,level1,0.6666742940950211,data/raw/wave1_selection.json,b1272041db1364831db88d72b114cca8f67e70416c3ea4326f99e5d53e1ea677
38,0,policy_rejected,1.0,0.999064012639094,level1,0.3977989209220099,data/raw/wave1_selection.json,b1272041db1364831db88d72b114cca8f67e70416c3ea4326f99e5d53e1ea677
69,0,dof_grade_not_a;policy_rejected,2.0,0.9987443664532291,level1,0.8009934275900672,data/raw/wave1_selection.json,b1272041db1364831db88d72b114cca8f67e70416c3ea4326f99e5d53e1ea677
10,0,policy_rejected,2.0,0.9997921590482778,level1,1.3336496438783354,data/raw/wave1_selection.json,b1272041db1364831db88d72b114cca8f67e70416c3ea4326f99e5d53e1ea677
129,1,,1.0,0.9995423282633995,level1,2.872887981855596,data/raw/wave1_selection.json,b1272041db1364831db88d72b114cca8f67e70416c3ea4326f99e5d53e1ea677
18,1,,2.0,0.9997525909422561,level1,0.47176447141674105,data/raw/wave1_selection.json,b1272041db1364831db88d72b114cca8f67e70416c3ea4326f99e5d53e1ea677
91,0,dof_grade_not_a,1.0,0.9987912971424091,level1,0.33805079048724235,data/raw/wave1_selection.json,b1272041db1364831db88d72b114cca8f67e70416c3ea4326f99e5d53e1ea677
58,0,policy_rejected,1.0,0.9991648330531007,level1,0.814628944153711,data/raw/wave1_selection.json,b1272041db1364831db88d72b114cca8f67e70416c3ea4326f99e5d53e1ea677
14,0,dof_grade_not_a;policy_rejected,1.0,0.9983104519723324,level1,1.2711345859621803,data/raw/wave1_selection.json,b1272041db1364831db88d72b114cca8f67e70416c3ea4326f99e5d53e1ea677
123,1,,2.0,0.9994974244231084,level1,0.20019387599612384,data/raw/wave1_selection.json,b1272041db1364831db88d72b114cca8f67e70416c3ea4326f99e5d53e1ea677
19,1,,1.0,0.9990708894300391,level1,1.4195125035243896,data/raw/wave1_selection.json,b1272041db1364831db88d72b114cca8f67e70416c3ea4326f99e5d53e1ea677
35,1,,2.0,0.9998225569237524,level1,0.8528273020131151,data/raw/wave1_selection.json,b1272041db1364831db88d72b114cca8f67e70416c3ea4326f99e5d53e1ea677
110,1,,2.0,0.9990778006583122,level1,0.0,data/raw/wave1_selection.json,b1272041db1364831db88d72b114cca8f67e70416c3ea4326f99e5d53e1ea677
122,0,policy_rejected,1.0,0.9995599648576,level1,0.07662262183443452,data/raw/wave1_selection.json,b1272041db1364831db88d72b114cca8f67e70416c3ea4326f99e5d53e1ea677
51,0,policy_rejected,1.0,0.999681599723028,level1,0.03628994879033639,data/raw/wave1_selection.json,b1272041db1364831db88d72b114cca8f67e70416c3ea4326f99e5d53e1ea677
93,0,dof_grade_not_a,2.0,0.9998675674536848,level1,0.10970957700726086,data/raw/wave1_selection.json,b1272041db1364831db88d72b114cca8f67e70416c3ea4326f99e5d53e1ea677
31,1,,2.0,0.9996433392706029,level1,0.18030997816149716,data/raw/wave1_selection.json,b1272041db1364831db88d72b114cca8f67e70416c3ea4326f99e5d53e1ea677
9,0,dof_grade_not_a,2.0,0.9992732713777426,level1,0.2556141205769676,data/raw/wave1_selection.json,b1272041db1364831db88d72b114cca8f67e70416c3ea4326f99e5d53e1ea677
34,1,,1.0,0.9998154188655207,level1,0.7801883396603896,data/raw/wave1_selection.json,b1272041db1364831db88d72b114cca8f67e70416c3ea4326f99e5d53e1ea677
15,1,,1.0,0.9994081726725528,level1,0.3709810184509446,data/raw/wave1_selection.json,b1272041db1364831db88d72b114cca8f67e70416c3ea4326f99e5d53e1ea677
82,0,policy_rejected,2.0,0.999029407846759,level1,0.33085700697143755,data/raw/wave1_selection.json,b1272041db1364831db88d72b114cca8f67e70416c3ea4326f99e5d53e1ea677
27,1,,2.0,0.9996656597585112,level1,0.17967379160652353,data/raw/wave1_selection.json,b1272041db1364831db88d72b114cca8f67e70416c3ea4326f99e5d53e1ea677
63,1,,1.0,0.9992355883400904,level1,3.895501994724911,data/raw/wave1_selection.json,b1272041db1364831db88d72b114cca8f67e70416c3ea4326f99e5d53e1ea677
118,1,,3.0,0.9995953948433991,level1,0.521019899970852,data/raw/wave1_selection.json,b1272041db1364831db88d72b114cca8f67e70416c3ea4326f99e5d53e1ea677
42,0,dof_grade_not_a;policy_rejected,1.0,0.9987203998793739,level1,1.5395709220042895,data/raw/wave1_selection.json,b1272041db1364831db88d72b114cca8f67e70416c3ea4326f99e5d53e1ea677
54,0,policy_rejected,1.0,0.9994761030207264,level1,1.426589008447027,data/raw/wave1_selection.json,b1272041db1364831db88d72b114cca8f67e70416c3ea4326f99e5d53e1ea677
119,1,,1.0,0.9991797883948944,level1,0.43902823669906166,data/raw/wave1_selection.json,b1272041db1364831db88d72b114cca8f67e70416c3ea4326f99e5d53e1ea677
73,0,dof_grade_not_a,1.0,0.0010521224497154148,none,0.021121696177567702,data/raw/wave1_selection.json,b1272041db1364831db88d72b114cca8f67e70416c3ea4326f99e5d53e1ea677
112,1,,2.0,0.9994777839216663,level1,0.5849261978592437,data/raw/wave1_selection.json,b1272041db1364831db88d72b114cca8f67e70416c3ea4326f99e5d53e1ea677
52,0,dof_grade_not_a,1.0,0.9977567529053051,level1,2.9840226054981067,data/raw/wave1_selection.json,b1272041db1364831db88d72b114cca8f67e70416c3ea4326f99e5d53e1ea677
77,1,,2.0,0.9998133473348243,level1,0.13018315139633788,data/raw/wave1_selection.json,b1272041db1364831db88d72b114cca8f67e70416c3ea4326f99e5d53e1ea677
13,1,,2.0,0.9998047036917365,level1,1.0902410882788276,data/raw/wave1_selection.json,b1272041db1364831db88d72b114cca8f67e70416c3ea4326f99e5d53e1ea677
4,0,policy_rejected,1.0,0.9996347329738714,level1,1.3397071888382137,data/raw/wave1_selection.json,b1272041db1364831db88d72b114cca8f67e70416c3ea4326f99e5d53e1ea677
60,0,policy_rejected,1.0,0.9987575007722594,level1,3.5064216847357845,data/raw/wave1_selection.json,b1272041db1364831db88d72b114cca8f67e70416c3ea4326f99e5d53e1ea677
85,1,,2.0,0.9999208248620869,level1,0.31008597479655825,data/raw/wave1_selection.json,b1272041db1364831db88d72b114cca8f67e70416c3ea4326f99e5d53e1ea677
121,1,,3.0,0.9995235960148606,level1,0.03274249493144206,data/raw/wave1_selection.json,b1272041db1364831db88d72b114cca8f67e70416c3ea4326f99e5d53e1ea677
47,0,policy_rejected,2.0,0.9996558990362865,level1,0.02295662142608772,data/raw/wave1_selection.json,b1272041db1364831db88d72b114cca8f67e70416c3ea4326f99e5d53e1ea677
83,0,dof_grade_not_a;policy_rejected,2.0,0.9995987692791042,level1,0.08667585011080799,data/raw/wave1_selection.json,b1272041db1364831db88d72b114cca8f67e70416c3ea4326f99e5d53e1ea677
103,0,dof_grade_not_a,2.0,0.9987077453176144,level1,0.10143884653031096,data/raw/wave1_selection.json,b1272041db1364831db88d72b114cca8f67e70416c3ea4326f99e5d53e1ea677
74,0,dof_grade_not_a;missing_match;unknown_particle,,,,,data/raw/wave1_selection.json,b1272041db1364831db88d72b114cca8f67e70416c3ea4326f99e5d53e1ea677
50,1,,1.0,0.9997461018094114,level1,0.42444554255543415,data/raw/wave1_selection.json,b1272041db1364831db88d72b114cca8f67e70416c3ea4326f99e5d53e1ea677
98,0,dof_grade_not_a;policy_rejected,1.0,0.999111672413612,level1,0.5732743443672558,data/raw/wave1_selection.json,b1272041db1364831db88d72b114cca8f67e70416c3ea4326f99e5d53e1ea677
44,0,dof_grade_not_a,1.0,0.9980520612186412,level1,2.764638276268073,data/raw/wave1_selection.json,b1272041db1364831db88d72b114cca8f67e70416c3ea4326f99e5d53e1ea677
79,1,,1.0,0.9995920499049906,level1,0.707650908638536,data/raw/wave1_selection.json,b1272041db1364831db88d72b114cca8f67e70416c3ea4326f99e5d53e1ea677
90,0,dof_grade_not_a,2.0,0.9996647615797528,level1,0.20883653382326833,data/raw/wave1_selection.json,b1272041db1364831db88d72b114cca8f67e70416c3ea4326f99e5d53e1ea677
99,1,,1.0,0.9993436752659832,level1,1.2816941764152887,data/raw/wave1_selection.json,b1272041db1364831db88d72b114cca8f67e70416c3ea4326f99e5d53e1ea677
107,1,,1.0,0.9997879347203124,level1,0.9394248898089779,data/raw/wave1_selection.json,b1272041db1364831db88d72b114cca8f67e70416c3ea4326f99e5d53e1ea677
108,0,policy_rejected,1.0,0.9996158528636614,level1,0.11012704859873126,data/raw/wave1_selection.json,b1272041db1364831db88d72b114cca8f67e70416c3ea4326f99e5d53e1ea677
36,1,,2.0,0.9996779783883984,level1,0.20369015431550672,data/raw/wave1_selection.json,b1272041db1364831db88d72b114cca8f67e70416c3ea4326f99e5d53e1ea677
5,0,policy_rejected,1.0,0.9994552935399219,level1,0.24581973182786965,data/raw/wave1_selection.json,b1272041db1364831db88d72b114cca8f67e70416c3ea4326f99e5d53e1ea677
100,0,dof_grade_not_a,2.0,0.9986971068861007,level1,0.31864900145602004,data/raw/wave1_selection.json,b1272041db1364831db88d72b114cca8f67e70416c3ea4326f99e5d53e1ea677
101,0,policy_rejected,1.0,0.9994076013145535,level1,0.48185362227154943,data/raw/wave1_selection.json,b1272041db1364831db88d72b114cca8f67e70416c3ea4326f99e5d53e1ea677
6,0,policy_rejected,1.0,0.9997921817292669,level1,0.2533684653108768,data/raw/wave1_selection.json,b1272041db1364831db88d72b114cca8f67e70416c3ea4326f99e5d53e1ea677
1,0,dof_grade_not_a,1.0,0.9981417776518221,level1,2.860097717330068,data/raw/wave1_selection.json,b1272041db1364831db88d72b114cca8f67e70416c3ea4326f99e5d53e1ea677
104,1,,2.0,0.9993340827296315,level1,0.9762149995367159,data/raw/wave1_selection.json,b1272041db1364831db88d72b114cca8f67e70416c3ea4326f99e5d53e1ea677
111,0,policy_rejected,1.0,0.9998031591829044,level1,1.582438734375614,data/raw/wave1_selection.json,b1272041db1364831db88d72b114cca8f67e70416c3ea4326f99e5d53e1ea677
56,0,policy_rejected,2.0,0.9998854227526704,level1,0.013345542416359879,data/raw/wave1_selection.json,b1272041db1364831db88d72b114cca8f67e70416c3ea4326f99e5d53e1ea677
68,1,,1.0,0.9993446516335482,level1,0.12301618389945931,data/raw/wave1_selection.json,b1272041db1364831db88d72b114cca8f67e70416c3ea4326f99e5d53e1ea677
109,1,,1.0,0.9997649385484674,level1,1.7366367052803031,data/raw/wave1_selection.json,b1272041db1364831db88d72b114cca8f67e70416c3ea4326f99e5d53e1ea677
66,0,dof_grade_not_a;policy_rejected,1.0,0.00011235355062495791,none,0.09249627915007515,data/raw/wave1_selection.json,b1272041db1364831db88d72b114cca8f67e70416c3ea4326f99e5d53e1ea677
115,1,,3.0,0.9997540045455888,level1,0.33709303883475356,data/raw/wave1_selection.json,b1272041db1364831db88d72b114cca8f67e70416c3ea4326f99e5d53e1ea677
21,1,,1.0,0.9992269133914565,level1,0.02076046198099086,data/raw/wave1_selection.json,b1272041db1364831db88d72b114cca8f67e70416c3ea4326f99e5d53e1ea677
