template_name,particle_name,baseline_count,baseline_rate,observed_count,observed_rate,log_odds
ladder_3,delta_1620,2,0.004111842105263158,0,0.041666666666666664,2.3158303197440664
ladder_3,delta_1900,8,0.013980263157894737,0,0.041666666666666664,1.0920548881219505
ladder_3,delta_1910,12,0.02055921052631579,0,0.041666666666666664,0.7063924073099658
ladder_3,delta_1920,20,0.033717105263157895,0,0.041666666666666664,0.21169616547385875
ladder_3,delta_1930,2,0.004111842105263158,0,0.041666666666666664,2.3158303197440664
ladder_3,delta_1950,26,0.04358552631578947,0,0.041666666666666664,-0.04502368137395513
ladder_3,lambda_c,48,0.07976973684210527,0,0.041666666666666664,-0.6494427463252163
ladder_3,lambda_c_2860,12,0.02055921052631579,0,0.041666666666666664,0.7063924073099658
ladder_3,meson_d_star_plus,16,0.027138157894736843,0,0.041666666666666664,0.4287606707116864
ladder_3,meson_d_star_zero,70,0.11595394736842106,0,0.041666666666666664,-1.0234916582000018
ladder_3,meson_ds,2,0.004111842105263158,0,0.041666666666666664,2.3158303197440664
ladder_3,meson_ds0_2317,6,0.01069078947368421,0,0.041666666666666664,1.36031887471663
ladder_3,meson_ds1_2460,2,0.004111842105263158,0,0.041666666666666664,2.3158303197440664
ladder_3,meson_ds1_2536,20,0.033717105263157895,0,0.041666666666666664,0.21169616547385875
ladder_3,meson_ds_star,14,0.023848684210526317,0,0.041666666666666664,0.5579724021916926
ladder_3,meson_ds_star_2090_DOF,70,0.11595394736842106,0,0.041666666666666664,-1.0234916582000018
ladder_3,meson_ds_star_2180_DOF,10,0.017269736842105265,0,0.041666666666666664,0.8807457944547434
ladder_3,meson_phi_1680,4,0.007401315789473684,0,0.041666666666666664,1.7280436548419473
ladder_3,sigma_1775,14,0.023848684210526317,0,0.041666666666666664,0.5579724021916926
ladder_3,triton,6,0.01069078947368421,0,0.041666666666666664,1.36031887471663
ladder_3,unknown,210,0.3462171052631579,0,0.041666666666666664,-2.1173646015042147
ladder_3,xi_c_2645,14,0.023848684210526317,0,0.041666666666666664,0.5579724021916926
ladder_3,xi_c_plus,6,0.01069078947368421,0,0.041666666666666664,1.36031887471663
ladder_3,xi_c_prime_2575,2,0.004111842105263158,0,0.041666666666666664,2.3158303197440664
bipartite_3_3,delta_1620,2,0.004111842105263158,0,0.041666666666666664,2.3158303197440664
bipartite_3_3,delta_1900,8,0.013980263157894737,0,0.041666666666666664,1.0920548881219505
bipartite_3_3,delta_1910,12,0.02055921052631579,0,0.041666666666666664,0.7063924073099658
bipartite_3_3,delta_1920,20,0.033717105263157895,0,0.041666666666666664,0.21169616547385875
bipartite_3_3,delta_1930,2,0.004111842105263158,0,0.041666666666666664,2.3158303197440664
bipartite_3_3,delta_1950,26,0.04358552631578947,0,0.041666666666666664,-0.04502368137395513
bipartite_3_3,lambda_c,48,0.07976973684210527,0,0.041666666666666664,-0.6494427463252163
bipartite_3_3,lambda_c_2860,12,0.02055921052631579,0,0.041666666666666664,0.7063924073099658
bipartite_3_3,meson_d_star_plus,16,0.027138157894736843,0,0.041666666666666664,0.4287606707116864
bipartite_3_3,meson_d_star_zero,70,0.11595394736842106,0,0.041666666666666664,-1.0234916582000018
bipartite_3_3,meson_ds,2,0.004111842105263158,0,0.041666666666666664,2.3158303197440664
bipartite_3_3,meson_ds0_2317,6,0.01069078947368421,0,0.041666666666666664,1.36031887471663
bipartite_3_3,meson_ds1_2460,2,0.004111842105263158,0,0.041666666666666664,2.3158303197440664
bipartite_3_3,meson_ds1_2536,20,0.033717105263157895,0,0.041666666666666664,0.21169616547385875
bipartite_3_3,meson_ds_star,14,0.023848684210526317,0,0.041666666666666664,0.5579724021916926
bipartite_3_3,meson_ds_star_2090_DOF,70,0.11595394736842106,0,0.041666666666666664,-1.0234916582000018
bipartite_3_3,meson_ds_star_2180_DOF,10,0.017269736842105265,0,0.041666666666666664,0.8807457944547434
bipartite_3_3,meson_phi_1680,4,0.007401315789473684,0,0.041666666666666664,1.7280436548419473
bipartite_3_3,sigma_1775,14,0.023848684210526317,0,0.041666666666666664,0.5579724021916926
bipartite_3_3,triton,6,0.01069078947368421,0,0.041666666666666664,1.36031887471663
bipartite_3_3,unknown,210,0.3462171052631579,0,0.041666666666666664,-2.1173646015042147
bipartite_3_3,xi_c_2645,14,0.023848684210526317,0,0.041666666666666664,0.5579724021916926
bipartite_3_3,xi_c_plus,6,0.01069078947368421,0,0.041666666666666664,1.36031887471663
bipartite_3_3,xi_c_prime_2575,2,0.004111842105263158,0,0.041666666666666664,2.3158303197440664
bipartite_4_4,delta_1620,2,0.004111842105263158,0,0.041666666666666664,2.3158303197440664
bipartite_4_4,delta_1900,8,0.013980263157894737,0,0.041666666666666664,1.0920548881219505
bipartite_4_4,delta_1910,12,0.02055921052631579,0,0.041666666666666664,0.7063924073099658
bipartite_4_4,delta_1920,20,0.033717105263157895,0,0.041666666666666664,0.21169616547385875
bipartite_4_4,delta_1930,2,0.004111842105263158,0,0.041666666666666664,2.3158303197440664
bipartite_4_4,delta_1950,26,0.04358552631578947,0,0.041666666666666664,-0.04502368137395513
bipartite_4_4,lambda_c,48,0.07976973684210527,0,0.041666666666666664,-0.6494427463252163
bipartite_4_4,lambda_c_2860,12,0.02055921052631579,0,0.041666666666666664,0.7063924073099658
bipartite_4_4,meson_d_star_plus,16,0.027138157894736843,0,0.041666666666666664,0.4287606707116864
bipartite_4_4,meson_d_star_zero,70,0.11595394736842106,0,0.041666666666666664,-1.0234916582000018
bipartite_4_4,meson_ds,2,0.004111842105263158,0,0.041666666666666664,2.3158303197440664
bipartite_4_4,meson_ds0_2317,6,0.01069078947368421,0,0.041666666666666664,1.36031887471663
bipartite_4_4,meson_ds1_2460,2,0.004111842105263158,0,0.041666666666666664,2.3158303197440664
bipartite_4_4,meson_ds1_2536,20,0.033717105263157895,0,0.041666666666666664,0.21169616547385875
bipartite_4_4,meson_ds_star,14,0.023848684210526317,0,0.041666666666666664,0.5579724021916926
bipartite_4_4,meson_ds_star_2090_DOF,70,0.11595394736842106,0,0.041666666666666664,-1.0234916582000018
bipartite_4_4,meson_ds_star_2180_DOF,10,0.017269736842105265,0,0.041666666666666664,0.8807457944547434
bipartite_4_4,meson_phi_1680,4,0.007401315789473684,0,0.041666666666666664,1.7280436548419473
bipartite_4_4,sigma_1775,14,0.023848684210526317,0,0.041666666666666664,0.5579724021916926
bipartite_4_4,triton,6,0.01069078947368421,0,0.041666666666666664,1.36031887471663
bipartite_4_4,unknown,210,0.3462171052631579,0,0.041666666666666664,-2.1173646015042147
bipartite_4_4,xi_c_2645,14,0.023848684210526317,0,0.041666666666666664,0.5579724021916926
bipartite_4_4,xi_c_plus,6,0.01069078947368421,0,0.041666666666666664,1.36031887471663
bipartite_4_4,xi_c_prime_2575,2,0.004111842105263158,0,0.041666666666666664,2.3158303197440664
ring_7,delta_1620,2,0.004111842105263158,0,0.041666666666666664,2.3158303197440664
ring_7,delta_1900,8,0.013980263157894737,0,0.041666666666666664,1.0920548881219505
ring_7,delta_1910,12,0.02055921052631579,0,0.041666666666666664,0.7063924073099658
ring_7,delta_1920,20,0.033717105263157895,0,0.041666666666666664,0.21169616547385875
ring_7,delta_1930,2,0.004111842105263158,0,0.041666666666666664,2.3158303197440664
ring_7,delta_1950,26,0.04358552631578947,0,0.041666666666666664,-0.04502368137395513
ring_7,lambda_c,48,0.07976973684210527,0,0.041666666666666664,-0.6494427463252163
ring_7,lambda_c_2860,12,0.02055921052631579,0,0.041666666666666664,0.7063924073099658
ring_7,meson_d_star_plus,16,0.027138157894736843,0,0.041666666666666664,0.4287606707116864
ring_7,meson_d_star_zero,70,0.11595394736842106,0,0.041666666666666664,-1.0234916582000018
ring_7,meson_ds,2,0.004111842105263158,0,0.041666666666666664,2.3158303197440664
ring_7,meson_ds0_2317,6,0.01069078947368421,0,0.041666666666666664,1.36031887471663
ring_7,meson_ds1_2460,2,0.004111842105263158,0,0.041666666666666664,2.3158303197440664
ring_7,meson_ds1_2536,20,0.033717105263157895,0,0.041666666666666664,0.21169616547385875
ring_7,meson_ds_star,14,0.023848684210526317,0,0.041666666666666664,0.5579724021916926
ring_7,meson_ds_star_2090_DOF,70,0.11595394736842106,0,0.041666666666666664,-1.0234916582000018
ring_7,meson_ds_star_2180_DOF,10,0.017269736842105265,0,0.041666666666666664,0.8807457944547434
ring_7,meson_phi_1680,4,0.007401315789473684,0,0.041666666666666664,1.7280436548419473
ring_7,sigma_1775,14,0.023848684210526317,0,0.041666666666666664,0.5579724021916926
ring_7,triton,6,0.01069078947368421,0,0.041666666666666664,1.36031887471663
ring_7,unknown,210,0.3462171052631579,0,0.041666666666666664,-2.1173646015042147
ring_7,xi_c_2645,14,0.023848684210526317,0,0.041666666666666664,0.5579724021916926
ring_7,xi_c_plus,6,0.01069078947368421,0,0.041666666666666664,1.36031887471663
ring_7,xi_c_prime_2575,2,0.004111842105263158,0,0.041666666666666664,2.3158303197440664
ring_6,delta_1620,2,0.004111842105263158,0,0.041666666666666664,2.3158303197440664
ring_6,delta_1900,8,0.013980263157894737,0,0.041666666666666664,1.0920548881219505
ring_6,delta_1910,12,0.02055921052631579,0,0.041666666666666664,0.7063924073099658
ring_6,delta_1920,20,0.033717105263157895,0,0.041666666666666664,0.21169616547385875
ring_6,delta_1930,2,0.004111842105263158,0,0.041666666666666664,2.3158303197440664
ring_6,delta_1950,26,0.04358552631578947,0,0.041666666666666664,-0.04502368137395513
ring_6,lambda_c,48,0.07976973684210527,0,0.041666666666666664,-0.6494427463252163
ring_6,lambda_c_2860,12,0.02055921052631579,0,0.041666666666666664,0.7063924073099658
ring_6,meson_d_star_plus,16,0.027138157894736843,0,0.041666666666666664,0.4287606707116864
ring_6,meson_d_star_zero,70,0.11595394736842106,0,0.041666666666666664,-1.0234916582000018
ring_6,meson_ds,2,0.004111842105263158,0,0.041666666666666664,2.3158303197440664
ring_6,meson_ds0_2317,6,0.01069078947368421,0,0.041666666666666664,1.36031887471663
ring_6,meson_ds1_2460,2,0.004111842105263158,0,0.041666666666666664,2.3158303197440664
ring_6,meson_ds1_2536,20,0.033717105263157895,0,0.041666666666666664,0.21169616547385875
ring_6,meson_ds_star,14,0.023848684210526317,0,0.041666666666666664,0.5579724021916926
ring_6,meson_ds_star_2090_DOF,70,0.11595394736842106,0,0.041666666666666664,-1.0234916582000018
ring_6,meson_ds_star_2180_DOF,10,0.017269736842105265,0,0.041666666666666664,0.8807457944547434
ring_6,meson_phi_1680,4,0.007401315789473684,0,0.041666666666666664,1.7280436548419473
ring_6,sigma_1775,14,0.023848684210526317,0,0.041666666666666664,0.5579724021916926
ring_6,triton,6,0.01069078947368421,0,0.041666666666666664,1.36031887471663
ring_6,unknown,210,0.3462171052631579,0,0.041666666666666664,-2.1173646015042147
ring_6,xi_c_2645,14,0.023848684210526317,0,0.041666666666666664,0.5579724021916926
ring_6,xi_c_plus,6,0.01069078947368421,0,0.041666666666666664,1.36031887471663
ring_6,xi_c_prime_2575,2,0.004111842105263158,0,0.041666666666666664,2.3158303197440664
bipartite_4_5,delta_1620,2,0.004111842105263158,0,0.041666666666666664,2.3158303197440664
bipartite_4_5,delta_1900,8,0.013980263157894737,0,0.041666666666666664,1.0920548881219505
bipartite_4_5,delta_1910,12,0.02055921052631579,0,0.041666666666666664,0.7063924073099658
bipartite_4_5,delta_1920,20,0.033717105263157895,0,0.041666666666666664,0.21169616547385875
bipartite_4_5,delta_1930,2,0.004111842105263158,0,0.041666666666666664,2.3158303197440664
bipartite_4_5,delta_1950,26,0.04358552631578947,0,0.041666666666666664,-0.04502368137395513
bipartite_4_5,lambda_c,48,0.07976973684210527,0,0.041666666666666664,-0.6494427463252163
bipartite_4_5,lambda_c_2860,12,0.02055921052631579,0,0.041666666666666664,0.7063924073099658
bipartite_4_5,meson_d_star_plus,16,0.027138157894736843,0,0.041666666666666664,0.4287606707116864
bipartite_4_5,meson_d_star_zero,70,0.11595394736842106,0,0.041666666666666664,-1.0234916582000018
bipartite_4_5,meson_ds,2,0.004111842105263158,0,0.041666666666666664,2.3158303197440664
bipartite_4_5,meson_ds0_2317,6,0.01069078947368421,0,0.041666666666666664,1.36031887471663
bipartite_4_5,meson_ds1_2460,2,0.004111842105263158,0,0.041666666666666664,2.3158303197440664
bipartite_4_5,meson_ds1_2536,20,0.033717105263157895,0,0.041666666666666664,0.21169616547385875
bipartite_4_5,meson_ds_star,14,0.023848684210526317,0,0.041666666666666664,0.5579724021916926
bipartite_4_5,meson_ds_star_2090_DOF,70,0.11595394736842106,0,0.041666666666666664,-1.0234916582000018
bipartite_4_5,meson_ds_star_2180_DOF,10,0.017269736842105265,0,0.041666666666666664,0.8807457944547434
bipartite_4_5,meson_phi_1680,4,0.007401315789473684,0,0.041666666666666664,1.7280436548419473
bipartite_4_5,sigma_1775,14,0.023848684210526317,0,0.041666666666666664,0.5579724021916926
bipartite_4_5,triton,6,0.01069078947368421,0,0.041666666666666664,1.36031887471663
bipartite_4_5,unknown,210,0.3462171052631579,0,0.041666666666666664,-2.1173646015042147
bipartite_4_5,xi_c_2645,14,0.023848684210526317,0,0.041666666666666664,0.5579724021916926
bipartite_4_5,xi_c_plus,6,0.01069078947368421,0,0.041666666666666664,1.36031887471663
bipartite_4_5,xi_c_prime_2575,2,0.004111842105263158,0,0.041666666666666664,2.3158303197440664
ring_8,delta_1620,2,0.004111842105263158,0,0.041666666666666664,2.3158303197440664
ring_8,delta_1900,8,0.013980263157894737,0,0.041666666666666664,1.0920548881219505
ring_8,delta_1910,12,0.02055921052631579,0,0.041666666666666664,0.7063924073099658
ring_8,delta_1920,20,0.033717105263157895,0,0.041666666666666664,0.21169616547385875
ring_8,delta_1930,2,0.004111842105263158,0,0.041666666666666664,2.3158303197440664
ring_8,delta_1950,26,0.04358552631578947,0,0.041666666666666664,-0.04502368137395513
ring_8,lambda_c,48,0.07976973684210527,0,0.041666666666666664,-0.6494427463252163
ring_8,lambda_c_2860,12,0.02055921052631579,0,0.041666666666666664,0.7063924073099658
ring_8,meson_d_star_plus,16,0.027138157894736843,0,0.041666666666666664,0.4287606707116864
ring_8,meson_d_star_zero,70,0.11595394736842106,0,0.041666666666666664,-1.0234916582000018
ring_8,meson_ds,2,0.004111842105263158,0,0.041666666666666664,2.3158303197440664
ring_8,meson_ds0_2317,6,0.01069078947368421,0,0.041666666666666664,1.36031887471663
ring_8,meson_ds1_2460,2,0.004111842105263158,0,0.041666666666666664,2.3158303197440664
ring_8,meson_ds1_2536,20,0.033717105263157895,0,0.041666666666666664,0.21169616547385875
ring_8,meson_ds_star,14,0.023848684210526317,0,0.041666666666666664,0.5579724021916926
ring_8,meson_ds_star_2090_DOF,70,0.11595394736842106,0,0.041666666666666664,-1.0234916582000018
ring_8,meson_ds_star_2180_DOF,10,0.017269736842105265,0,0.041666666666666664,0.8807457944547434
ring_8,meson_phi_1680,4,0.007401315789473684,0,0.041666666666666664,1.7280436548419473
ring_8,sigma_1775,14,0.023848684210526317,0,0.041666666666666664,0.5579724021916926
ring_8,triton,6,0.01069078947368421,0,0.041666666666666664,1.36031887471663
ring_8,unknown,210,0.3462171052631579,0,0.041666666666666664,-2.1173646015042147
ring_8,xi_c_2645,14,0.023848684210526317,0,0.041666666666666664,0.5579724021916926
ring_8,xi_c_plus,6,0.01069078947368421,0,0.041666666666666664,1.36031887471663
ring_8,xi_c_prime_2575,2,0.004111842105263158,0,0.041666666666666664,2.3158303197440664
ring_9,delta_1620,2,0.004111842105263158,0,0.041666666666666664,2.3158303197440664
ring_9,delta_1900,8,0.013980263157894737,0,0.041666666666666664,1.0920548881219505
ring_9,delta_1910,12,0.02055921052631579,0,0.041666666666666664,0.7063924073099658
ring_9,delta_1920,20,0.033717105263157895,0,0.041666666666666664,0.21169616547385875
ring_9,delta_1930,2,0.004111842105263158,0,0.041666666666666664,2.3158303197440664
ring_9,delta_1950,26,0.04358552631578947,0,0.041666666666666664,-0.04502368137395513
ring_9,lambda_c,48,0.07976973684210527,0,0.041666666666666664,-0.6494427463252163
ring_9,lambda_c_2860,12,0.02055921052631579,0,0.041666666666666664,0.7063924073099658
ring_9,meson_d_star_plus,16,0.027138157894736843,0,0.041666666666666664,0.4287606707116864
ring_9,meson_d_star_zero,70,0.11595394736842106,0,0.041666666666666664,-1.0234916582000018
ring_9,meson_ds,2,0.004111842105263158,0,0.041666666666666664,2.3158303197440664
ring_9,meson_ds0_2317,6,0.01069078947368421,0,0.041666666666666664,1.36031887471663
ring_9,meson_ds1_2460,2,0.004111842105263158,0,0.041666666666666664,2.3158303197440664
ring_9,meson_ds1_2536,20,0.033717105263157895,0,0.041666666666666664,0.21169616547385875
ring_9,meson_ds_star,14,0.023848684210526317,0,0.041666666666666664,0.5579724021916926
ring_9,meson_ds_star_2090_DOF,70,0.11595394736842106,0,0.041666666666666664,-1.0234916582000018
ring_9,meson_ds_star_2180_DOF,10,0.017269736842105265,0,0.041666666666666664,0.8807457944547434
ring_9,meson_phi_1680,4,0.007401315789473684,0,0.041666666666666664,1.7280436548419473
ring_9,sigma_1775,14,0.023848684210526317,0,0.041666666666666664,0.5579724021916926
ring_9,triton,6,0.01069078947368421,0,0.041666666666666664,1.36031887471663
ring_9,unknown,210,0.3462171052631579,0,0.041666666666666664,-2.1173646015042147
ring_9,xi_c_2645,14,0.023848684210526317,0,0.041666666666666664,0.5579724021916926
ring_9,xi_c_plus,6,0.01069078947368421,0,0.041666666666666664,1.36031887471663
ring_9,xi_c_prime_2575,2,0.004111842105263158,0,0.041666666666666664,2.3158303197440664
