attempt_id	species_id	memory_score_k10
0	930a6f3d7e2f54122ab88d69bc0b4974f50241e5e92482d9edcff61d5d34b845	-0.46915403362998
3	42f98d4addbc994c07296cc81263f8a980fdf2dc98f0ecd0e3c21e0f925d4283	-2.0338683782796814
4	e973e8e1bff607df76e72e223bae5d38f02fb92252811cdf8d0e5ff9598e6ac6	-0.13166051533785783
8	2a0d51b941b38d2c2455b5f5542983c203756d2c798ff6c42dee1320649932b6	-1.2678023174494544
12	fe5be4e3bec16597aff10ed175c051ccc21bb557feb07670a4853cc04a744092	-0.03873918821182398
15	bff852f6511b38d239edf3bb2e00966a1a325f8482251e9556847914dd943379	-0.2523552348516054
19	f334e94991d3e4365b927644c3c0e3ba66336fe80ba8f956d0d503ae0b82ebaf	-2.313488492578009
24	6517866145efc1d88f17e49df3adcafd56a7c109ee9500365eef3889aaad4b85	-0.15590475554930272
25	f000d21dfc7ccad561d29a2d736ce99358cae2637be48fc667e2fd43f0f1d8dd	-0.27166027451961594
26	c6a7ed22c8b9892ccab82664edaffff7e80842a0026f62c5b784d85f0f41bb8f	-0.07745541703227365
27	22df7b64de4e00dd0cda06a8e83983ebe0a3b8ef713a45d23d2978ab821d725c	-0.11483018642089804
28	0047ce09afbcc6945720793f66d2587dd892e4706c3455b629e9b851fa18d741	-0.3780633525802479
30	9d841ba307d72cddaf4c369e17abfda10a618763121fcd538067a19c145ca039	-0.07761315571241822
38	9a0668965dd6432b1be2f94bdae93b96b3c18a5d48a267da48285c03da61e600	-4.218890320860952
41	2841a6fa26e9f35856e2e23a2e94663159bd415821d4c760ca00b8b766b38194	-0.12024396714061769
43	6ab1b1f043938de945c3b2edd784ed67f2d0cad08aececfdfbdf0f08db2b31be	-0.38185582641789884
46	e17b35814123bb5bbace393d31bf685ca50637a3c1d9c6073677848b0082cad1	-0.31583000489452107
48	5efc6312732d084d5ce92543ee4a1d9660592630e27c229e371973bcc0d2f33f	-7.224316896644675
49	9c811bacf9a4940ec15344e00ee8827604a79d976c5145d0ff0caec506cb0660	-10.609288752102787
50	0e3d061349c3ac034b0a7f92a0a0854c260b5f277330f785623211e084620452	-1.6102793964978406
51	7ab70df16bbf65c9a488fa70f7eb9a0a63c61b0e21c9a7ef7b2b26b9f00f77a0	-1.2353301292994434
52	31761a4cd8064e561d8bab465d759d9fc5892a37f1b24538bb3397d6a23f0412	-0.79296596969478
54	5941899465e73dc0f4d038b0e3cf4990d82d23637d5f53afc9dbe10f119052a5	-5.413726365329968
57	c57e4a47eb738fe1c5e55fac1e2f1fcca99395de87d14d7ac0568d1a41f92801	-2.9662232044188013
60	cb7f04cc8209bf6116d92b2b44b270f2e339dfa42c5fc371e11e185116af2592	-0.12794664096272257
65	68302bd3eb774aad1491c86185e0f644854e181f3febcae236dfec3fd465210a	-1.0761579266663923
68	b57343223c60e7fa7d55a586fd9686fb29b660c0da2f14de3cce087cac3e2e19	-0.11541784460349924
69	baa7091dc5549a772414ce9f8b31e65553b080cf368ade4750aeadbf291fddcc	-228.244175889389
70	a43dc130049cfa51895c69c924b7a0026a666615adac21527f44664d317e4331	-0.13392283424688278
71	323b23e612f9741177e711232a50c5bb4aad52e6983f2594be5b7424bcfe2552	-0.03877595605488904
73	e28eefd306cbe5be78db1ffc6b3305b3e0994400d1ff4f4d1fdefb614a2eaa60	-0.03567228429963709
76	5c979449c547a46260e55c69d04806f4880ac10faf9db8cb00811757d522a29e	-2.3533774490802233
81	f3d5265b217c81c2fd1dea4ef8f00066c474d679e280d988be644fdd43f1d3b5	-0.09159859265228731
83	b3a6e2b8ab8d34cdd2c23a0fd8f8df065b6fd6b17d284c061e4f3078a492b40a	-12.967570117706911
88	3f88c6c7fa596fb796b0758e5615e396d1ee4a74e60cad159f3b8abaad93072f	-6.466469480442295
89	4cceb5eabb1bb4bfe8c5024b5db8057d977883e63b071576dc1fa82c81853c5c	-3.533985099115819
90	99aa9dfa7e5525c43af3e6e44bd693b96442c70c759c19c354da6ccce0d523b0	-1.3094850882935054
91	8bdb69f9e45d1709c56b3082dafa564e0b4b4256e90540f41b433c58565e209b	-5.86653556282891
92	88f885bb3ece947a7e859a128c68a8f54474efb44c15f23717cec780e1f829a3	-3.70813805708689
94	b47b33ad06be7b084b8dd74edf3f0f0f03336a2d55fd5f93697c70fadf6a8be5	-0.11909405131413142
95	6b0d6b9edfde1330634e9045038a549a189feb10cfccdf630d5d67b39fb34c53	-3.726868029733321
97	dd414c51167e3a64527fe6a7c372de1d925081e4fe9070701c2a5651a206f63f	-0.6331353439262735
98	2e5e29dd2cb5963888149c0797b630a7192420499770959dee2490c1226615e2	-0.1554211461851358
99	167687d49dfefff08c264fccc76dc41ede2b0ab392d8393fa2f9fa554b31a845	-0.25210552979751744
100	0d4ffa176358736c0aa36670c0eacefc64d849d58bd9891a12906461cfb06d12	-5.182656952914884
104	89824cc51b1309ed884f4fd50060610f9c77cef2f331eae53f376afa479f0321	-0.6226898350409551
105	47c78b1af4accfe22b70219e0cc77e6bc15c894d889db8eb66780dd062d2bf60	-2.570041316007708
107	47a87e45d2258916cd7cced8ef41e05300a025d939244232635b3e0997d8e925	-0.09707888002095388
118	28525f3d9d35d1fdf89de78faa0769701750b94bc2f656941589977860b37788	-0.16649751079677322
119	4e64ba49a8f160909d20ce8fe5629e94d7c66f8b561e4efeb2d4aa681446ae09	-0.32243751224073325
120	a42e4b69ab83099d2ab2d522a9e4c0013e6df52b1c507ace2bbad378ad717dc8	-0.1835892399824195
121	d1614d83888b5a9ac5c9000b542ac5b1bc6ea98e85647ca6fd5bfcd0524f5d2e	-4.842823647394859
122	e3a4acb1f31aac0f436e2558178ef0ad9dbf87dd99851a7db460c648c503b2ec	-0.06542484794866366
125	f307a884f2857ab00d59395da81c446dcb802253716771a9dbc77289fb4c57ca	-3.173982403690192
126	dc15f5a574a26925ae0a96c2b2c927f825a807d4998c0a518447ba12277d0c48	-0.3734142092334787
130	2cc815ca53c45f5a6a9a98d67640449479e5a2cdcdc3656a6f388191f58c50ef	-36.94530065636181
134	59edde47a5f1a94b4454652c9dd7b2538744f6460b3e2d935e4e4e60f05da1ab	-10.869356458804411
140	96a6816c16ce1c6422e9e21787e651ace4791062aae3f596f921354dd8d7cce9	-0.08162974360272002
141	970faac3631f251c10ce2cebf3245d5c047b9898b42528d9f51e39f87e4d19d2	-65.85276984462337
144	2ce85abee77e3fa51db4c3ced2ba48cef5fdae8caaec8c5cef6cbe485a8f7778	-22.45621520045188
147	ac1d0ba22ded7b85029dd6c0e4bed0bd283f4176fc3412efabb0c075ad504268	-2.7692811860444095
148	6b954f16f339f2f5530db271749b3ac7c7ff72457c169bd154ce5b2177782d2a	-0.38045940659252286
152	4d388b74a989a25d9c4febda305574f941ac1accb492e6f6891d84aaf1d60580	-1.693910182993212
159	3208067f054add28c016743b1e140a9502d930a78aba8c605dd496e2fb1a5f64	-0.02274281480597251
161	d6b62a501740b8949239ce0782af72e5341e6b4efe922142dd1ad89922b970a0	-2.2056323258189385
165	004e8ef24ff38fcd2fd42af84ab658aea0988bb0ed464c5c044091331ce2971d	-0.039316528606043066
170	70d0e528bf68d9152b9324b2cf9eaf6ec8db590946fe751e502f13c02e829292	-7.954451222896802
172	765f5c809cca364df313c016dcaddfcb2916d47d7f9af7fca23df772b694c506	-4.325701788061906
173	0fe9c2ca52c544a023ac9f9d558b6caf4ba68d072b4ba270c4dfd77f0a6cd68c	-1.85830071558909
174	adf92c3e4e46225e2a6142ebbc326e32913fc456f765475d13fc5c926e33766c	-0.8284696288608262
180	089748bfe0df587ee26c6b2054110d3c0372b38c2317ae1b049e997ad1dbcf86	-3.447574802096935
181	c607f5867249fb7e31d50bd3e897e262c73f81acab5faa839de5fa38935b0428	-0.176665319715134
183	66c6391ab31e94c5a78276948a21fcfe6a0609376ac2498961180549f6607972	-0.843285864276351
186	3de6b8769d648d1fe222b2a69225d1dc1c8b7857729bbefdcba87877d19f17d9	-1.2538016327132877
187	9e089ba42aa9552ca06fdc2686b354fb742b274432207de3923c85767fcf844b	-0.12004300907551602
189	73601738ef1f833309e2a2b4a737b4c5210b5ae70e9afb0da5cf908dcf76ae79	-0.2725010664826284
190	2d21007ec9d838c2b20b6c64927bf4b9f7386447466794b014b18cb8161bff0a	-0.7738059931083805
191	52e05c3107cfe829b2e24490cac257150d501b71898ada3e22b8d296e45db8c6	-1.471831953420434
192	b25490147a9336c51b6333a3f1ad1db3330765e4605cfaebd7a7077ab91befd7	-0.19044413626329426
193	6ad3bbc768b6158ad769f5fe8604eb86a640a383c8b79129e5a392d4c19d7df3	-11.79434258962177
195	9a4bce6dab363cea8d775a3b063079fd3afcfcff2ea1392be5c5c63593dcc9e8	-0.409084918188946
196	caba6fba5a5e5edff4739df52894c5f44731c2f05d7a44b29fc7e341b0365c08	-3.103523704114693
199	728000e0fb1b204860f0c3aafb7384ef86b2588341b8d87444ce1dbcb1ed1b15	-1.4256521855694277
200	c9d2430b505aa068a16afe7eba9796cc6434eb9a53627c983320bbd1e7a9a4ed	-1.4403125929861518
202	74ab72589dfcbebf1c6fb251a12182e9ccbeccbb954dcb886da0d041eb8c8a5d	-3.067264397694153
203	5a65583220ae70fbb2aec4994b0c192bfce60e704182ac5e7774e1ebf2f11df3	-1.0340242100611081
204	c6e70900d21ac2c201571829b47a6ff44d14fec1a389abfb7c957bfb134034ea	-2.7370463454788534
205	c46cc2c228b7897b63a0ce533ca1854556810000e9fe3e2953bb9bed66321013	-0.2745267410713699
209	d8dbcf4cb6818e16e1909e0a64731578060585f94bb88d07146559bdee22c265	-0.13931201857855435
214	43d399e63bd908f0dfb0596521fd72a8025ba21df7cea10089cc555072dfccdb	-3.8214337289148537
216	3e7f50e432913b09fc22c53a4d11c0438cda9258738ed648714678a5119804ee	-0.20328117376941002
217	e578011cc333defb82d5f2a9c7e9a80c293a2c2b9b5b579921de12d0ad60c186	-0.10937411693637955
218	fcac6d8893707ada3b248b3c986dc3065b113ff7f369f5153fa64357d3edb7df	-0.8074733325293577
220	4a4cd409786fc364b7d18281813d3005b7f2e4bfd04d0c5d44ebda3908538b02	-0.32771492603177954
225	1d28988a9f6046c867f0619c8ea28cd04e226e838b0038354a123497201b3626	-0.048199591995184976
226	143fce36318c984ddacebd11d4a6488681a3a7ee4afdacf39a6e901f3f7187f6	-0.2897223989738724
227	a8f27942f24c3cc61db27d6ef355f81f40fa40d86ce34e72f00736507fb16c23	-1.5007033963629737
230	5aabe2da653180d91f3815c8711bd2599810f59dcd86d954969be40fa590b579	-0.47642197732484926
231	7d56054c568e383d2512595aa3bed8a6778c847a54dcce0aacf26099c8d623f6	-2.81265360377158
232	bd6a6c85b6a007f613a25f0b8a1e057572ebe06dd6ae6151732f699639b3f4ba	-0.12785562493239477
237	d4e68f468bcdd5fcfae38ee1a5b746b7c296e0bf1999bdb1106520ddc4a2d016	-4.216686826205137
239	72ba51dce6a620ca4c949d9f7d7604c675c94ce2907e1a73df9a466ad8d6a821	-312.81351447187615
241	d56ac535ceaa54fb07abae2f52f0bd19de147e3775931e58044e969218801489	-0.8519703328064445
242	0cd35b520c3972752714e3b5e2d7ac27a73eea37c2368ec196a7a2f6c068ad77	-1.6048077201504407
243	c9b957fa591fb168e28e916c573ae6cb4c566523b2ec72be22775da8a5d74f9e	-0.5595339441876992
246	71d8d0309954bab7963fb53b2f4c44c627ba5ddf70d11d35bb1f464a9bd66dfd	-6.9309541144715
249	e1f2330d958b8a3a903b1f1015683cf0ecabe4cb2db804115bfa28e6d67b4b13	-0.857456458617603
252	320b051dc37eaa71e595acdff784f183aeb9c84add4a5deeed5d305e331960b6	-0.14796504256295728
254	4307e179f06a970a16548d87f95d3affac20868453346c3ea96f4073a4cd87a0	-0.12595025980232477
255	4c04efd71bd18bf3e65e471d5c61b466740b3c26c562febe8b506e66bd45242e	-0.03344850489070117
257	81671bf1781cedea46c0e7e0af8e6cc015d6b6a53b4ee2f331f00a82fdb9f07e	-0.1596907654531281
264	6d4a777b9fb47e0a0b1dd7120963a964d1c89b40b97be92ea30f3cf701419c79	-0.12949022028444168
267	4e7ee787073730c1a0f4438787961c1e5ccecd4fa8dea64a7af38fa78f29ea58	-2.795364394288942
270	dbfb287edcf86b6c69029e65c13db89ca94dd075d88576cdff654b0dbec3e0fc	-10.694719509994346
272	f94d129d70cd98d2bd1be8557d7db84f7b15467172db66e623f989bb5a37bcc6	-2.486276660629981
276	86bab433b6acfe9493148ec76a3b5ac799abb0f3f861dd0c1def76228f34c84a	-0.04437896786105444
277	26be70dc75bd80f4c14b01f059233518299402d519e5b3a173c6e75edacf29d6	-6.102510747450671
279	b8af337c53bf53d02b7dd22eea324a716c28907a4961cf04bce9b37bcf6fa358	-2.2969478862737884
280	0f6418871ed00106d34d0215a8d88fe55ac02cbb6d90f1e5e8d0c9917e9861eb	-0.9041138748129167
281	0d0e0d689039269b01cfbc169ae063d024fd9bce039d1a01d1086acc27fbeef3	-0.6269951990168707
283	54e55a7c67f870a5a8924f8d8c6d124e487b084958ac8d938234f5f12a44d75b	-2.0515894732077555
284	22a12790d3a02d6d7562dbdfca5bc43a2c5336e705ae83f33bd67771b6e80260	-3.867492314824342
286	8c7179c72a0763dd0255039764d0765f3baf1789cdfd0573f621fb20ac6d78fc	-0.033576030953033964
288	51dbb138e2440df9f3088afaba977e4f972a3d6d5fe93ddb80c865b9855a95a0	-2.539682486963348
292	39c39ebb786fc2f22057a8bf7a6e768b4f72074272269e4f822025f3a36da1ff	-0.48149479995767486
293	d6ff6a665dda98bf2dd3899443654418c678f32f49cfaf32d3e16b4adee70ad5	-0.09287708633288339
294	86091dadbd898323dc60ec7f3a7d01668036e3951cba6eec2cbe119f308b767d	-1.190126489336508
297	0b2504fbddcc29a468c3afc4a6bf0fb9d4387b581c7973bf97c9875a421c1650	-0.6825903408744711
299	f36de69f9fa088281799175ea5df53b55e08930c35593084cbc4331936bbdafa	-0.2437044667458872
300	b57ca07bfd91fa70614a2016d981e69ac10f32881f0f0ada6ae66107afdb443e	-0.02519474516853326
302	8fc3341d4e69324517ff62e587340525a184214d0230d8dc8a00159dc0469592	-1.6514652859686487
303	1aeaf4bce6e28addd23c42efaab462016309a4a27f403fa7a52f1e832b5f66e8	-0.050327932137806064
304	7cc6c75675f98955102d78d2d560ba99cb20fc42e0728edcf24e0e2350e84f13	-2.222958414576137
308	cc8ad3c2812e2b597e83188c5c412aaaf8c5457de3e3c0ac1b724af83f1f4121	-0.7611437421043112
309	e1d47ddd965da51ca3544ca358bbffb0b08b9ace874d05ca9be67d7b7560b0ea	-19.126855699559577
310	e31c15bb614ad46df7c14ff15288f8604dec40168edf47f3e42577e5de462fb2	-0.29311004376907657
311	8e2e18e21cf21f815de979a973cddeec4322f24bdf9277648b9a8c1d81d9cb96	-0.06472683899616283
312	1f8dc0f19f3e495fc7a1a960d644fa1bf53ccdd76dd22313a2043640dfb2a619	-0.30708423906168236
315	3e3d4cd43a63c948a9e570728b7dfc61b752fb32a45e7baf8a86b54ef9844754	-5.086447645067616
316	82b51669375059d707ec830ca83615df308c84c34c08e3c678587873199477f2	-0.13591182459731077
318	9e705a1fa9b68575a8c031a9911accb34d15b9c581ae3825d64408bb2cb2fe4c	-1.9654877096122485
319	e402941c661d7c294fe2904228a58af8c10a83be734121b40e07a52ed86bc822	-0.33611950171785754
321	fa90387f8b0564dd98304680ec9235bd8c87fbe694508faa5490dcb582a2eb51	-1.1179262788492599
322	b03cae6aae0c428360aab6e7a1d0a56c19040a465d87349f86a4fa6559d2590a	-1.1975498134166456
324	67b844427b730626c0169390bf9e57fac425101a739764d6ba3089dfd0c9468e	-0.12120276393305862
325	6ea99bb2b276f0350e21325a484c1819fa9d6f7ac4659080d11a370740abd2fa	-9.924058010471766
331	36d1a89d4312f3aa964ccfd7e81f3c8115aba253d9a7f0907ebfa62679b5a203	-0.38648912658732026
332	5ed1d48f20bc857837bbc6e4eca705d3c54d84e85e6cdc85266836622035795a	-0.24241484884194375
336	edbc41b33ab2e8a388e8dd49b5ff0de700cc864fdf58d6f7cbc5496e3308d7a3	-2.5460591331476365
341	a31a9ee5571f563b2ffc785e8e50cdf22c4370803c028ded3f9bf95aad914ae6	-5.084996526809695
346	d99ac781c49be365cfeab2c2c1aa266f8d5d9974d6fdeac76cb327625f4d977f	-0.15469511148079618
349	e00b0d7249e21492828ec851e988105086fc16d62ce34fd00859d6f07bdc706c	-11.715019237784754
354	eeefbb0e3cb17fe7e042f9f4cdbaece69307552ef9571b7bf1130e367cd57f95	-1.315653208992022
355	53468905fb59fcccf0579a5a1d6787873b9512d0a5f4d5f8813c5efd7101eae5	-0.9033823558792713
356	dd39b722199ed413d5b9e79b8e214dce195fca2ec05f8c412a4aee54de462b5e	-0.11031713404086285
357	4fea2673739c70db418f35c44d76bb6bb3633dd96731f7e43e19ee917e7e20d7	-6.302213882327455
360	d5f95549b388f293d59d8f9c0f13917a667b7b49b9460314221b066f8865dd83	-0.00476539384793595
362	26490fdae99eb75dd97a6d3252e43d29b697137348733180daf3632718262b43	-0.17991851422275018
364	5d0d5bc7975542ef0dfbc87828cab14c26e1e9d7b29c8c59d8a5bf89a85868f7	-14.60449534200316
367	8060394f0c06da65efe83699366dc5a3e6d33ce79bf1cd1986c88aed849ed5a0	-0.03142031452587868
371	b0e6b6f9a967e648f863dae2f9ebd6705e2257ddddd7b88a6d617208c5eef231	-0.7815905912176251
373	01f148ec5fcd6c038b03cec2872b15b57ce513dc4a54a86de7b2588bb765abb7	-352.1696247730669
375	615cd069488154bc0f8c69e7fec9723589eabe9e61394a1c98c22f20b33cdc2c	-5.257001643850242
377	ec4b9134e86d490fd9d842354a5a8e1fe2f2b864229d2bba8e8731929197930f	-0.2300708689484674
381	6ce43df3a17e766529e751bc2e7e83a95bc98a97392ff012a9171877ac9c85b9	-1.2222841703352771
385	d05f18e475960d43df63592db9652d386344920c0085af62492d12c939555535	-0.39374694926701403
392	06beb67aebd38fb8e320af9c44eedb206788087ff02b15b21d365a2590f12bda	-11.196881405154544
394	11666d613ca07a13a1a3ae9db75c1ffffb35c79eb23f02348aced9b86659277d	-1.461544636598414
395	393a4cfaf5e1cb986ca2ae504819ed52ccdc78c12d31abb12a96ab2b90041e76	-0.3624634241451732
396	aa373570f9f29a3f30e2e7e6c1d84a1a438e4a01b656088c354e09ef2e101759	-2.65042306280237
398	4b0f6cba47652dc97ea988d105af5838f758007011429e176cb339b1f9009626	-0.20376224366134865
399	762b28aedf613df4e7cd608c5529cc8f69e992510e7a6e232022c8c46c7273e6	-585.0295982214369
400	f732cf053bdd267aafd35b38a43b4fc82f673ccffbb1054c0573bdf2cc173815	-16.80956985998735
404	34ab4a1df248c8a1f5d3896f0c96ea7ff8992179a47089488e3d7c12ada49820	-0.09637911571695157
406	3795bb1d69bae0f71aecf88f2cff3da8bb08a7faa60e790e2336240de7624353	-3.224400303640344
407	31bed1e411ec5c69f60619c981161428209dc46348b503e7d839f4aab1ccacc3	-0.1977132775348609
408	fd34270e9281fa077cda8ada069ec1d6eb68edea038d911aca56f19b5c0e3608	-1.3614339734266339
410	f1d4b8a8fb9a48f4ec5b8d5cefadf1482e13a1ed96750258a491bee09bb98ed0	-1.0407522777311935
411	4c464089aa80bd0031380073a82caedfbba5d312442bfea8f46b95269f66a790	-1.6204732563225708
412	966756281add55acda29b4d50faa7cdaae3ce97bd7eda708e267b7a367d20eb2	-0.12083048875485392
413	7376edcdad5002a5774d3b0ad1f8f7c6fee090bb0b47208456e1fbb7b04bcaf2	-1.2874683384996994
414	3c6cdbe6b65dc124be34b262705ba4e00ee4967643ed69d7bb1cb3301f2a8034	-3.623940012680551
415	8eebb2cc3ad3366f71c70435d6b03a7f358b150f74f4b5ed1179c16013e387b0	-0.08166065999293481
419	135699b1a10e36134e725c6f16131a7f897e7d973579d05496615a3c0786a4fe	-0.8908755530881347
421	7c8401ade8a930468be908ece6732acb270e23479dbdcbcc5d1f4745e57f1f49	-2.3642991218681755
422	12b9efce06bb75212d98c25a781acde0ff84e14f9608a9b4a2b62fae4f2bf427	-0.32052981400821023
423	8bbe6ce84d7db39981d1d8a8bc3817fd803580b871a8be9a10982dec11adb822	-11.49219133030518
424	3fd884f72dbeb35bbbfa29e3c81da9c41de09fd972c203fd3b52cbb222957a65	-1.7014546021463839
425	041569d87843e193042dd470ac342c8bafedb6c8f35231f4832bb5a95c32bde7	-11.060127870724761
427	7b523036c3f7f1c412541a33ae39287799ffbac2a4c7c475915ae055123f5d26	-1.2962239609861852
429	1c48dff24f1891d54b5d4b551373bd913e9eee7c2583f7a667ee7fb092400583	-2.215103065727563
432	aca5da0ad5cdecf3ded20e5e3e6039ee6e3d2c1df1b8e697893082848694fa42	-2.837498762117363
433	e5c74630e00c279a1ccf9571d52a662308d4d393e82921eadbc0272ec5102646	-2.182705206520819
437	3c60660e88c337a63dc89ccfea2af1e0493ce27200377d2ea61af5ad04f9dcda	-0.9033438840415364
438	a0515dd28a96c716da56307a6207aaad7b08dc82921c7c2c8c12a2cbf9ba1087	-0.06784013494912289
440	fd3491d8764d4e8a6cdbc38f27ec9d1569f651f6632796344075648bb5bd73b8	-0.39849573611071176
444	0c17126a63f7a94eb447ce554522b5458c038c91899079effd73821386dcbdb5	-0.022632220534942515
445	598f5f92c9cc84ba70306d01b35407852244a7c71f9429aee4798da37e0d530e	-9.15667840420406
447	cfa70b69a507dcdb5c7cd88d31a2894ddf857c229508345deff72e1ced520052	-0.12076418131851141
448	8be28a8892dec8d5742e4c2218c1df66f709bb7dcbad8d902ef16ce066d84086	-0.4438772993003781
454	489670755ce42162927ea10d4ab0ca74cd3533a1941373e5208c6134a56351a9	-0.1793067473491412
455	7dc9313f4d092211d033665f53af54960e1e450c3bf3d23c304d0c8a4620c4b2	-0.30520041451746716
457	90722fc4cf0164fc01156794bfc912c9ec21bfa03e054dfed2fd8d5321b215af	-0.029451141514512003
459	33cb9681227a6eff1c9c21b39c7e0d4b6bb712d28411fd46229007c57b1a3405	-11.688806585293783
461	aadb2eaba5b0e818cf225a7454c2a66581cfe3ee02873627d14baca8f7b2ee8e	-13.001958023887859
466	ecd89c21ebf85346abd7823dc80b3ace538aebfcf371d64b90e82a271eccfa1d	-3.3990288793528416
467	e29f7afeb1c9573cbece478de9914ef27635a4686cc038aa273388ef4b051eb2	-65.20388430378593
471	f0f56ab41fa692b7e981963384955de327f8cef207351e1c299edec04acbdb3f	-8.131097939065132
475	3f7a3e8bb9cb20df634194068214bd3e0004253e5529167b63c8adedcd1e80f5	-2.299521371167807
479	86842e1579b9886b54d29a14dec6d75a2b79265d6278b576ef03059f3b139138	-4.405156859426131
480	f5de060f348baee08aaa8676c17d241244376bb3bcdbed7931d9304bd771e4ed	-1.1869677504944858
481	f8a3a922d6220449b2ade48a41a8cdf6c36769c01448b08fe38ef3402a3affbc	-0.5088972099601261
482	d808afe0a7681f8aeff03c13f367119e400c6c7cd85c8c777c41cf1ba65303f5	-6.092836127463038
483	250ec8ca615f1ee2dedf4f29e3f851160e9f52c7f366bb297e0dd1db4b60f15b	-12.368620161452696
486	dd2e724afa0685324001f8ba422ba35f282278e07ae8821d1067c51458946e4e	-1.7008787164793566
487	51c243ebfe0ac39fd43c3d15a18b12fb9d36d9236e60111959a74bdef52dab52	-0.6060357287773386
489	c89e4c7be25d7a387e7a32ff8b13124c450863cd783ddf8ddbd82918d3aa906c	-30.162557235211487
494	0fe96c7558332f25ec0ed35c626bbae36f6307952d027bb889f9f455080924a8	-4.927100090085546
495	99d63e6ba16aa80bf5ddc9a8f9d5ece9c14e254c5cde87eb33d2010db4b590d7	-0.43347283740647113
496	68c7e32abe15c2bfa424744c322c08f7841791d15d26fa48be7535757817798b	-0.05587726731037135
498	81d7faa0dd73477a61b85e1783e130a5e457647430a3f970bd3d4c9ca03bb99d	-0.050473865451779565
501	2b59c0103f9190a001c5afdd017524a3b8223702b42909211fdf23834681a3d9	-0.1448957551527732
506	caf9c25f1f9f0a6556c6bf6ca4a1f7d8b6ed7ef1d43f143e5564d63495272cc7	-0.20626342284181054
507	9c73f6c78cef5133c860b9549b5851cc4c8e770880c816d2cfe41e9975cde31b	-1.1323034731720152
508	8023b1bfb441a84d7004381dff8e8c710cab8826c9475359f08ed8a0acda552f	-1.959258568323619
509	9e00e92746e51ce25589cbb6301f1f781062f70728a6377aed2b4a27c9b736f6	-0.5301055744805965
511	38fcb85e643c9561cf7b54458b8d5c35a7b7efcc467a1034efbba34889c6ecbb	-0.669695286766337
512	a3339b5953d3134d1449ba339084d9bdf757821e939a03f57320a955d3deb3c5	-0.20849233653735988
514	4c99db2814bfb1366e465ff4f970926bb77674c42038a8c03fa3c8ff89af6f0c	-0.26485626130542617
515	b5a97450aa25831f79fc1f5944eeb93a0bac68c90c7b4d7391c76e4bf5e2e029	-14.119563283212416
516	0be6f7fe484b8b9c6dbf3b063712629d848df6fe1581ac9b05a0c6c8d28ea1e4	-3.244105993092658
520	5a2b6b36032975facc0b0a70afa0c5c8fda105d51f8856ba3795846b3c51338b	-0.03838946299805768
522	51dd3c30ae850cae4bae6c82681a0268f0edf445545e4cbb1a396a5461f325b1	-2.5540386877980525
524	274828f1858a3655e8e5683ba69493aca151b35f1b38fba78bad7b5036c7204f	-3.9124785713869574
525	a04939c54c0ebd68266269c8585648907faa09c549250eac51e29a4b06e17f6b	-0.7480131186723022
529	a6efc86714aa0ceaf4eb519fdc1256b7162029876cd9e54674fbcb2543b2b804	-0.19476905274257783
531	4f5e350fa1a27d56a1d1ebae5e9c4d19e2f8d7efe8bf167c74aaeff13143f50d	-0.108704790774792
536	b127edea0644f1ad51ab95fa8dbd3b14ca6031a4f7a9065ac09f5e59c77d3f63	-3.740381412548749
537	4a8eae1250d21b5875150dfd75d299a2f92c64edf3cb2ccb51d818d68c8e3636	-1.8333626798389706
538	8819be59a5213020be0c39549e00b6cffb3d72087a3230940645ee235bef8b9e	-0.8223244465282009
540	6dba8d845021f1e782b7b87e4d281fda9b5d175d8a6c53e50f9e647f9fd4ed56	-1.2103837458766376
542	1ad6bae7dd61ccf38ddea02196b57eb5a5c07c45a4b5f26e8dc34ff3d1b32630	-2.993095263416873
543	0b464067d201c3fcb51285591800e0c230512753a29688519bc2d2dd3ce67f11	-0.07972004572361269
544	3805b3525d4e73efa78e64fe5124aeb2c41a274c03a42eb19c77aac5c1c4dead	-53.97382621611284
546	f0e59c04886f21ba8c96fe168210edfa79bba10ed23700a89fb4bc9edf86fb02	-0.1271069171322119
547	2fe92ce2c9fc80fb0ef500e1d47f32d6f6e3611598be881d19cd0be92095edb0	-0.020893006300295225
552	4a552f363a62379052455f4849a63e7b6ce2d2fd43659d68201e9454cd3a603a	-4.086586877374926
554	41b988ac9369701a2c0db5d4ca3df769f155177fcd07fb88d31ff8e334639894	-1.9341326555776033
555	b1c8d5498984df359d9e55b7a4bbe47d411bd38c063142469f9ae542a8ce15cd	-0.014779374682164725
556	fdcccb966cee895212f68a6aef7b778a63736de11381d7f310b78297086fa126	-0.41848360779000804
560	1a1d23e3c4fc6bba69d457f78fc6fd83d2fd1b6540ff10ddfe787efe31bb77ef	-0.596286495372816
561	d4550999ffa85e212b1d0f223bb20f5203d24c12c6a9110bc6cdfe23e3849ac5	-0.09774002304449825
563	f0061ad1ca583d27d7317629727607948013170642fee88f1405313f84512335	-0.4438441079746842
566	435976d864f49a74583186c01998173a9b4982cce1066f407988a6e7dc781e3d	-13.861643115176937
567	ad44722fa6b8148964f80bd0d6489742d88ef4b8ce88bde6ba1b32eff16545fe	-0.08343151445632868
573	7f27014ecd1c2ebc83b3ab3178dad15ed19bb1c0f7a4157963669aaaf052ac97	-1.3516397190645626
575	67a73ebb77ad1bc3a274b710ef69fb565ed15bb209ef6b12a76fd4481be0fee5	-405.3102923652892
576	3d0111601158bf0ccfe0895353d94c7aeb2c98a66701aab27500357d29b085a6	-0.1439679503763014
577	5831b791f669fb612422aaf59a359ebe4619ce46302068a0de32021895f8a62b	-0.32616565756243077
578	9cb09abf3067b2c6976ff9c77a5aeec7357fc8062139bad0834ff6d3a89a7c7d	-0.4384607309060553
579	7e1d92b61395ab85ce0154260332b991c5d752ca18d155d7916e46ecb080bcb8	-140.86335885626684
580	664d26095f18ed0f72be18a9615f964f56a41d651b1735368e5699b0719d3f51	-0.5863354404909649
583	6d65451877a2f5975ed57c0e97aa966b70852df6d3b817da081842ea11aa6356	-0.18041524641123718
584	05417cb4c65ac2471211e0c64a3ce7ce9b5fedc47ceba090ea94adf611c143e0	-11.488431399442508
587	83062ddd977ea6ec80072fd188ea510446b77d3c165dedb50dad0a623285aaf9	-0.7671071018317357
590	6cbeab23835005a9004114eabc33f94954d5a846873d823e21475c48570f3f80	-1.0808142816851514
592	a59e730f7395c4bf7b0c7888cb12d1ef2dc9e4914a53a917ba6c8e7a9055a3e7	-1.5044667559106717
594	3d2dbec1e87ceea5b1009fd2132da16afdde53b3a7c408fcbbbadc0e3438bbe6	-0.452442109687609
598	7504346355b8053c0c69f0bd15de9c0534ab83b196927d85cd3329a4a1c936ac	-0.01965352751216498
600	b983be6515a9cec8c4b76ce8bac3cd77a69e31674e9a366fe32492e8ed35108f	-84.12483109590352
601	9b3cc3bb41390b7d5f291cc7bc4f82d1156f3dd836d4d665d40fe7265656449a	-1.3899300988534877
606	ad5a8ac2231e121a17483ad70a3b0a9708a877a461cf0357977ea4cb3481eb6d	-1.0611073328066474
607	9763bf36300c3c65ad954da156cd39eb250ff64a2f5572ec1b5bb51af8870461	-0.6801153009417034
608	37b4611806b673bf5db3fbb43c4645e35fe2970b9a6465ee5faa00eeddabc7c2	-0.9535476665818385
609	0d9fb09d19f45e3824f3a772c24bb4f02ab17e57ee12d4f855c8f3a59d28d300	-0.022329843808551075
612	a1295b5bebff6668b78353ca6e9b131781d4aa8a307fa10739e8d1974295fef7	-156.10440671913102
616	6b02a493e22a53375c28b543c99289445820b6964568245f539154a145e2c1e4	-0.9386114826156899
618	1995ea5414ef27491130d8efd141681a53696509b646464b7226075cf97fcd25	-5.664678849215363
619	1732141ce4df43d12fc9cca2d322e14575c501b3b5e6115758ae9abcb5738d68	-0.026564937096921648
624	25a319b3cceb5fa4c6299ab65770e6efbcc72f902c266213978e8e608b1a37ba	-1.1120989363297045
630	c13d40c60b0308fdda82c51ecebae9be995cb12aea33b8f0178e9d699196cc7d	-0.002954612175600113
631	b66b855aaf29baba8e1960b6be1fa17201fbd41086fe3dfed73258bad1a510a5	-0.589111782087018
632	fb45a535bd1cf30635c590051a6c3f06c6e270d526996c2169aecebe21b59c5b	-3.06202116456362
633	05a7e92679fe0ee34eb3ce2b6d26f4695108bb95a7bc12076e5ecffe6cf8ff90	-41.3008459029152
635	1199b76fdca8b2c661d25e5dc6302861ebca1ce7227452ccd167aaf29407e1be	-3.0934948645053195
641	4d384c8c3f8223286e6beb4c84ccc530f191d525a48e6f8b9986023a92d9f3d8	-19.64319217117357
644	62aae58142e69d3f2485388ae73e257f43748a37e0ed33ef2ab2a22635e82d46	-247.33704786365288
647	285bc0ceb1111f66c4bb67e7a61039db76680f4b19062add018a4c8e372330dd	-5.268471024105519
649	998b8b4a6fbfce804dec4bd4dcf7011fda8f77d158aa2ecb4ff3fdccfd19a28e	-0.13125810976552166
654	1743630d8727aff8d0b33c9a87841e943967333dac5efecf3141b582b0e48a82	-0.01331074927636311
658	00d4573e6affd44fd876ca54a6e1942d1b00f4b8b88a1eb936862d5479d71035	-2.2592635860783687
659	ac36c18499ac6ae50f4cfb350a80d001b8186d4401f5a0f104ac40f9dcc05cda	-19.605875597559805
662	f3c131171cc44a5516b69254f299338cca1456fb93a7e386443f507541d35b22	-13.787203453771108
663	ec625aa1eac62940ff5bc6a8fa9d5f465e2350554e83c5a9891e6113b15ee1a2	-0.48637571236215704
665	a16d36effe76bd06db044969dc7230b80a359632e24bb11b55194c3f777fae09	-1.4761861585249818
668	020b992a238c54caaba3d52ef580f786679354f2d3fbcdcc7eb86791ca383237	-2.1838484102921423
669	983478bf41b57dc407be92920c2bfab53d5ecfc3107386f9e7b8c940f97757dd	-0.02723074923768709
671	3b896f086d57d461069fa524453ce0cd85a4c99fef7697388c05bcab74ec2805	-0.2685748680222093
674	ac9e4dfbcffdf4c5fa94ebfb95489ea6924118567b48d43fccb1d7ec1d8c2acf	-25.28755715994071
678	83fd80f3b888e09b7caef963b66fa79e78160724d9a781334dfe217d09d301d5	-0.5181823185503485
680	a450a4a62c88e804c33b1e97fad9a66a130672f3dd3bde7734cef6997710155e	-15.660300592700871
682	105732fcdc19e2d5906659e3d6cf6a392a80209dd9ed2ddab7f118d51d94a85f	-3.670924919229005
687	0e5af96b1bc9de62f6dff54ac004e57057bdfaebca6bc967259f9cab644ab8ee	-5.749767198012591
691	9aed5e3e825a28db4cfaa2fdaf9bc0e9a302bc5be302b02311bc6948b63ec7fd	-0.30499807785750144
693	e68ccdcd4d2052d65a159422c15386409f2076b1f7840a523a80ccaeacef7e33	-0.5743158232896606
694	ad12bf2f94b9c1ba478587d5c5dffb30d37c264e0798890a885352c2668508ec	-0.01630988048031523
697	e08ecefe58c3ca44cb366d21c0f331f5e1a17e2bff3c9c696a5c72ea6e31f85c	-0.9597593323237528
698	830487f15972b9d4443ad3cbdde686cebe7cb33654fbebb47b5d49e405432fb4	-0.035595916714485254
699	15339c2d83eba7fc4f14aa5d36130c223447b525a06588e4bcb0df60a706d7e0	-0.4022788998839406
700	c26ae07b2e0e3dc725e368cbcb488626b692a3b4e55c71ab32e697c7b1a77c2b	-19.20235948142717
703	18a1ede268d6ec0b8663a2017bfae0044dd09123b14a696a4c8d00878e04c408	-0.18546360158215314
704	ed076c779905c0db2c3f89465a0b1ff8f153253a8a43215be6ddff499758b22f	-0.2055911294706969
708	d13c7cf9f7aceac4d8d869b8fb9c90bdee4b4102334bbea341a2898b728a746f	-0.22713540724222536
709	abfb28cbad69b0d2f5070641aee2702aeb0804b053c46582d6667e851e3405e7	-201.64462479725492
710	40eedc277e2ea5ea918fed5ef6f659ec2ff3fddf6642c02e8d6355f36df16d00	-0.026552865494708255
711	91213df22b719a1e57fad7c31651c55c19978d7fc502450ec3c8981f7e5b6490	-5.640515579718697
712	0613474a95d0333c31cd90f9c77138fa1f900523c8f5e12e2b6dae4169cef4dc	-0.04907845902452079
713	e72466bb49173719d292c61edb7c6127b8e59be41759d9fa9de70329a64d4724	-1.5720512382111886
714	d91aad6eb66511aa0166cba4eb4df34557db161254780364d65db880f4affe64	-0.05039842222931812
716	fc7aca8591d18e0e6c2e3df0af1b65acfaed4243e276d37aad622bbfd7c80283	-20.138176630101505
721	dc94560592305b473c1043b5b8d5e5256a16371a37f22fc4dfe7594e7f854636	-0.045027339212973194
722	5723bcc13930d170203a2266f110e812e459abe73c15ff52ba031963765b3a87	-0.9573728016773626
723	cca6cf4295932fd21f58548e2f7907e132278face05364e32165595d816d34cf	-372.08827319918464
724	0034e2212c78e0d89b0a882dbf89f6692e5820e869d5a312614fad420e510817	-0.09040990471986299
727	729b54ea5dd0103e7fe301028e294bf07045a340dc1bfeedd4b4aae729d64831	-0.013208287871009139
728	aeb578365177df5a61658e385a6bc460704fe1fa261ddda85d3df6be093532db	-0.03645962198280128
733	1d8886163ca283678ac6d99a0c7e8c93e2b2918d0915ef41b7aadbd7d2200dbf	-0.1730160713936788
735	24dc8804d9ce05af0b75abea6f53bd98930eb1e1512f7839fdc4af50ba7a889f	-1.7968507225753991
736	83b72c0eb645db84ca4860d5963d2e5b08f8cfa1eebe7d46489faf5a8566fa8d	-0.01599268817484445
737	9739d95c981b647118a8c7d2dbc4881b789e999e9c253bfbcbed14897de26278	-3.3984606961170973
740	a47ba6e3223c23012aa12c304d1d58d56e74b007cc3dc932dd40703eec4b68c5	-3.891243288497531
741	f665f3b379ce0277c40b6835c3c6f2a9f62d07b38d93d063cebacaf2d8838526	-221.14300190611542
743	2c44da6da439728425eebbbdb9d0bdd6542ba7a895d1d87fb09266dbd3bf56f0	-0.0472353675063899
744	4d7444bf7dee7f29ab54b9a69d6e947f7ac04c3401c693a43df27aa63d6e8277	-3.3299531314958593
745	957b3d08ddae5f7939e99b7e8c8b669bfb03860d9fc3bb9a9208122db410f382	-0.7273779090636205
746	bc64433bbc271e7d42a0c6341066ac4bc66195715db4597dbeebbadb18b3d1ee	-0.9893372224820285
747	de3eb4eccc039aad9033b5ecdf711d45585173e721d5f752783d7dae7a4ff4be	-0.30170584994464256
751	95f8cee6ef5f47f685f28af9e1aa94fe0559d42ebe1348d7148b427d9aa25e55	-4.586075284676011
752	48402c9920c0d6ee6424624465fde671d5a8a878192270d68ded0b40833b9261	-0.018403984655773975
754	7b2e8167c0f22f1093f6947320043abbad14aaa410bd33acc6c702c1621fb9fc	-3.929110792935268
755	01efa699cc79615a61ce2c2b5527f5c65124985db2e6afb39900c89c5ffc330f	-4.503782552617465
761	e19e2d628cbc5a7cead1ab857596efcb0a11e8c556615274cee534d37bc073e0	-5.171852304285808
762	a6694f4e3699f81bf4c5e54d3d8a8860973730d3a14b06018e62da85f502b015	-0.8322531970522165
763	b25a902b8111776571b1bf00689647b95842f2c64ac9d12caeebba0bff09f911	-732.8349157331801
766	dd75b66f5b64762a64a45ff5664a784eab02db7e6750a77abac0118a2b2a3864	-0.1542703431742516
767	62a12bbae36bcee1392afb37c3280d8264e5fffc70eeb58dd715980bd1871187	-2.4344467913705863
768	8d367e6c131bf7ede3a1681a52e48169fdcc047df710f6d255f5372ff2517571	-2.3430021944778443
772	097811ecb14ce49946cad843b2b255689d3474081f98ee95577aab4dbca6534f	-0.07217763586532255
773	ad8e114c785a656640078103ffd31a4fa63e65a581c60c1ed426b8c4a7d3e6bc	-4.063075174048975
774	8d3486d6578d88fa0da90d5ae7aa7d696c31a4b938311291e80a49e7530bc568	-0.0855619997214283
787	288f9a6f0fc3d4e0723f82ea5a108344f38dd889f156ecf6a8e64be9e0f1560b	-1.0992938997775341
790	214859c42d8a632b575785f61ef9fc89ed71e8457b267eb8d639ce8fbb80edbd	-4.133223536974824
791	d54a29fa6cd953344f5dbb9707eab78a8dcfbbbf33cd8aaacec40b5475bc440a	-0.05662795534308307
792	75074b095c023cfb14867fc94cc7654657e42b2ebaa53dfec8c5033d14c18e10	-0.9921028238691478
793	f01414100df3a1bc495dd813d6ba5188c53856d2f638b45fcc2d282f12168e78	-1.0454823756061997
795	f8490e7b4e3a6511cd98cc6d10c271fa666b3adb6bc1d7f586cf29ccf84663ea	-3119.4176961589033
797	d953b600251584f6dd212e619e2618a842236ce48192f87c2463615e5d0119d6	-2.8188450121158857
798	a7e5c753badb26bb5bbb59669b1214c0fd6a5b6bcc63235f896223e77efbffbc	-0.14718621765032092
800	9b9f4f72066cd638e461f9acacfc36255cc7b585abae7784a24662edce18ff49	-0.7956136020912332
801	21dbda2d7992eabe24103080dfb6956d97d84adf64e0fa49b7bf993e9869ad13	-0.25843665500193347
803	e3ab3e1091ff15e96e7ddd34b8891daea88985cd1cd067db03fcba675382e048	-0.12626268796125317
804	5bd87b7961991efeee34e5920acf4e740d9eb87ef7f3e4ead803ae38221c0f3e	-0.7600310063423901
805	4c76164d44ce77934adf225483f09ca103d395ae917151d7fd78231f9fb41da7	-0.9084046874062897
806	a435d4ec4ddd0dfc6abb1cde3570e819632470d5e6b27d8ff417e0e1ab1537e9	-0.7591268081982501
807	78f2470ebb50dc7d9c64952b0f3925960ea80bf18e7397cd6fec38605560042d	-0.9504088191038891
809	83ba1ed0985bf7844a7bdedaa4e3bc67c846c5157f36e527f956d7c01f60f331	-0.11637984872311957
811	b1649fd7e1dca827459e8fe3221323b16dfe772a2bf3865d9a8d52df3d9507a8	-1.8508048337823961
812	ba64a2ff01714d2250d5f9ec67716022af4c779a4a048435d94a77fd239a0930	-0.678878990186274
816	c6f3b666baa4542adeab9ec02093efcbfefcfe30dba71880651385210bd2af8b	-1.591232589958135
818	0b1bff7950d0a001008c04f085f27c512ee3bd2f2ef723b01c25cdb4c3f3f1c1	-1.1874188437734188
820	616f50887175741c3f27609569d67d8818d38ccb61ac4b456ac6fcab5437eac2	-4.645240043624888
821	07a2b3f22250d02a0a39d8dd8f17fb107fd613addb0fa21505745768aaf1190e	-0.19519850929704963
828	6eca5466bec4c5784d27bb81950dcac8c2f2ac0256910f413227241caefbc73d	-0.6779854937679712
830	218041376030b9c1fc7b421617e047c0b4c3cf0e6c31ad090e07140c8c27add0	-0.49118537261044604
832	d4766979e7fa5336b0d3b27d9d92986b00b4dc487c405c3bbf652b76ccd14b4a	-4.3775503063838395
834	7c12cc3a95dd9c47ab46f5ca50221ee2b464ffbb0b8e65cf038deab4fd3c091a	-5.234801212594401
837	c1bdd9aaf143db8978a32c346cb385e512a035ed2e9555746a2d91f70ade255b	-1.2996473432406388
840	c903c03f02f197e6d2ff1144f1e36f7e88bff5b1d0f3b169f2838406b0acf77d	-4.98781320361408
841	5e9949e817f532eb625f14351515bcf94d4d91d1c2dfaac9a28b01e55d1444a2	-0.4070800235802785
842	64c35d7896dc4b83569179bb34ba07a2123c02134c17608308c48bf1e391f239	-1.2369143928772073
843	5737431c74d723a2c5550a75bc86245c070faa0db08635427b5cdd3d58929a34	-83.87239780636133
844	3e3295c52c4218422080dc26e8704213a751f7f6881e7fe5c6d70b318dbf9742	-0.662128500839555
846	2fbe98f97a33de6d018ad4e81a99a3ec437633e578d0d7b14bcacb9a007dc92b	-0.08002568489691497
848	4f05149d898b2b445c0a98b7057e189b538d01b935ed1daa242b35dc1c1025f4	-0.4260233392261532
849	be95778dbeb12df08c917eb95cdd15dfbaf5394ab5b82a2e2516a37306c846cd	-0.032469336472830124
851	0c360ac99bb2217269a3ba67dc62f3fe8fe6b5a4d1ea9af074a52c8e57a35465	-0.09065757268149977
855	cf63a39e06d4409080282e9ed4ab40651b904cbacb437a2d9d5d640971ec624c	-0.371943766935922
856	e451ce8217767e718289a9df62fd2204f754051843d9bad8cbf23c1cc4ae9e41	-1.257435368075786
859	5ea5b09815e3b3c98946a683d526909815b4a67c339e031efc7909703b4e24b8	-0.11422108648511298
860	c2735ca02fa168de1180741b4bc837b29a83aa45a2c37c0320732e1c850d3d3a	-0.6081647142917361
862	29c11afb7860855781dec377092e6ceb5dccd17a1bd88ed1a325ac82dc63fe37	-0.7322638173559304
866	27a1476ecdf299cb6e5ffb21bdef0a9b35c3015b83421b5fca02a4557c4bc016	-0.364755263458447
869	8e75cad04ead4ccd938a1e2b79f98e133b170196de7dd5d8e8195ce018a885df	-2.179563500485864
871	f7fd9d0d94ac0994466472f252560f97b2003a02af4cf137271f319afeea8009	-0.2807379625919124
873	6692d4009aceb6b01d2011919ad8afb1e18e0ebf1db3f0b14b3d280c2da22121	-0.9540253729978581
877	4e1f82ecae8c7096bd74fe2c13c4db4db872c68ff5442d983ee8376dab75c25b	-4.767599087011987
879	3ac0e9c9508371e8e14c72093277f8a960f911dc4edd5325b6a09ff5710f8c61	-0.3143220521598393
881	e936db18337f0b926c02dabba83b142c9ad0f8373d38b1624024d0586a46c151	-0.42775625937898387
882	683c162c5102ad7a2a986292d82acdd450089487eedf139f2e5ee35576771b23	-44.41418828256303
884	a522e5913a68f68ce9e1eaf2aafb6d0cdb009c7da93e74d2db9f52509da86ca1	-0.6636280890564927
886	ff49c72606c56459fff2fe1a42a0aa7fca3479c35b80e8608c27fadf2483de55	-0.7907172000793763
890	d27d429fa04901a195dec18332213f7ba61a7a004823a562ab50707d06ffb344	-2988.4369961311027
895	f671ea2f7febc45881df2ad67ff76603f74f319c414de1fa5c4f142d64e10857	-0.8243725942005067
901	5d73e154b5dd4930c93a240794ed4c87b2e28a9ca2680a8054c3f6f1c468ea4f	-0.9822261799069913
906	135b30e6e60857449e85ba24df6669a778044e1ee026741e663d7c5164048505	-0.040402873454376875
910	6623b62d5b323056f5fe91a96809a7c06487f1c77cf7eb825d66853092ae10cf	-0.061249620672027216
911	ba3c2d264a78e9220fcdee17e7f643d4c031bf05c3d842b85dc83357ce1fa03f	-1.0224148791838523
918	b820e0eff68131c75798a8ed40735aaaefe72996ebd15b1bc2aa93ea6d797ae6	-7.0660883046155
919	f5ddf2b37d30275e856d3c0f0c5a8b0baf5c24b8aca0a1b6ddb358851e8086d2	-1.8664424786386293
920	6e0947d3050a570d58285d9157b13f03679c6d1c21698adb3f1d3b7d7a6907ac	-0.7649940526522805
921	4d36e6d0f79e99e4dd7c10f161d2552df7ae7cf80ca36b6a3916ce3b37dbecb0	-128.8085958485092
924	7fd0c8a86b28ea14dd420436cb1ed7f4d224c5ed51a6853804d978bb470cdcf9	-0.6442907853060573
925	86d3b913d1d7cb023787735f9363b20099591490dd4c0e7d4344e32b780193ac	-1.5124836473778394
926	31253c95710700338d2e46c2e62a6af93605cb414124bbd646aba53806e916cf	-0.04553505071873021
927	09daa82adbe4095f0df028812fac50c50496e14e89cfdb1b60e10b37db3f454e	-39.613010341878315
929	bdeb075b11194a8f242c26256dae082153c1755b7734e6b725c4df2b3b9ff49f	-0.07288126704400422
930	c0113a43e9cf8a0d4b8864ed17191cad7f39db97cf82ffd9be72e9734fe7501d	-0.22109392103740855
934	36793915ed624610cfeca33cc364c299d3b2062c1888cba5a98119f7d1205361	-2.4464565357041157
938	03a815278a4184a1a1664039fa64980187772e1c7af97af2f60a7e6b572f587a	-9.221342138560914
943	da609ffaf909d16fdcb79875488c36a849d069507bf5a9c32019cd40cd76fc9f	-1.8824197526547528
948	a3d33f21342b3046d42c74f2fa9a565f966eebd3cc3cc423dbdffc56e5936018	-2.1559158601241513
950	2ee19e0316b92cde9f8bafdd46a27605aaa273ce90f8c97fab92c3e2164f30b3	-3.1660210162098164
951	8eaa7861fdb493dff30c01461bc4ef6ba11da27d5cd3ee1056f2ea84e60e4dab	-0.44616267139322674
952	de17c23084304ef79ee1d895c1326f8f4baa9ae367bdf9e611e0fb36a5a51b44	-1.0341526954263904
954	10c7bec7bff023cc55751675d0ca3d83a002d40a8076477bfc57b8db55bf180c	-19.062202193085938
955	3fde54df54489351b21a96aab9dab5f07acc01ef5698d972b74f89929eb7db51	-1.0839904496920947
956	7a427849e0e2406b51d7c9bd62779e8f598ea94bfdbaf800f725aa977619ab0b	-0.22121287558240232
958	054268d7d2c024e59750a8088d08ffd8bc2fd199fdaadb513055ddfbde1e336b	-2.7094010438461984
960	d41271a2f1ab897c75575bff0177309c8fef380bcb3adbaa45065c4116808bbf	-0.46764509127992215
963	3af6c467f3ec0581b55773bbd97db5ec47011728d9f8ec42a61e8372f5166c08	-0.9048736677729559
966	8a9f4f1d00ca55acf5f079243d761dfbb6d16102841c6d63247187d50cf35388	-5.893381471836068
967	898590e6ae9c0cf247f05c5f4b9c982874072f7ea043362bdaf8fbe8376ec6a1	-0.9807796580499606
969	f518e5f3d5096ff3f25c22b34423651481ca51cc0d9938f90941923d28a79b8b	-0.07147140042363209
974	35fda479028f4cc9347cdfa74f7c08b06399b00608956981a778621f0726356a	-0.1235623422390495
975	232c4efbdde9cadab5f7633aab1bd6fe975be6caea174309022f1e7acd9bb31e	-10.489322458326814
977	eca01301e29dd12a2c3e6307e74dcd7a00200044b793cb14d12687c2c36976a2	-2.116441875289409
978	4610c78faa2713f3104dc9b17dae175c76e900c10678fd2733b5eba1afba792b	-1.5771891835086072
983	ff40c60c482b87380d34e20682354cd9407229a1a0d0ae401b2dcbe111554afe	-0.466544643405999
984	6f0c9e0df7f88c2944321e00d4c90ef5d003ee5919ff666d880998b40b558227	-4.371747107778905
986	445da69b141f9e5a2521d4877e0e05ebfcc4bb70a249c5aa58b16122851c645d	-0.21479837254611223
988	4479981189b04ed27222493083be49e52c57101f2a571183d281e31dac2abc0e	-2.2284383041932365
989	defd43b25d19346663f2c3902ea1e6122ed1148b9e3b7890fdbf62b16458cc0a	-0.31263927330820374
991	86978cbebc93a9a584ea4130ff3a0e7d766bd12c49241bba28502cd6add04205	-0.10306687677773851
993	c8e081ff4b529e8b48dfb5655d18bc76d70393ac873baa923967e89a5f0ff18a	-0.7462786877074903
995	306c7608209287f395af28025e3547386dadeac18b989d2dbb45b94fe7cdb717	-8.663118385771229
998	fe8312597c1e2479ab6470e8cfc597a86a7c20c6b67b6ef579fcf86dad495610	-1.4649096525526621
999	aa5e3f64a3df56941cbd09dbbbfd4a96484df157a051cb00f87457e19b1c9679	-0.4573079863871219
1003	fc1e6085d6e786e3a512003902afb667e1142f2e9e8da78632698a5898ee4c50	-9.911561807931655
1004	583964b1c273081cacee98ef2f3ed900f882ed9f0de691c550a06bb6950ef2e2	-0.6226208461941396
1005	33ea40017ebab0945b85c664c6183e94364c6054004081ca8eba3dd57c4709c7	-0.5473220735473974
1006	a3226d8a0c12fdca5b9fed10a0884230a5230e282e188bc144b24744f4d4a2d0	-17.592330710690913
1011	a5068ca8db97297da198c9b43daef81cd66798dd8e0844a4cd78180e2c4e19b6	-0.74931054308416
1012	8148e8a4812b96afad3ba0b9e42794378e7352d93030e98585482c08214fffb3	-0.9066810192881389
1016	1da2fc440397e2d81bf60f1aedb7cd4497dbab7bfcabf9b5c7fb8f553933c780	-0.1322211026729747
1019	4b0ffd33e6af4153fc2aaf3b5d30a440f108f720f9480c07b19ac8f7190da48b	-0.0009492863359104042
1021	2d6e8373b85b0fe0a8256e35d4279c28b6819a9094a4b34d7e9eb0a7c3d22658	-0.20850381607348667
1023	a192e3e1bdce3e1feeb7cfb698af99a0effbc21c4a06fb1d83567c8f837f56c4	-0.7197843719498833
1024	cd2e2f4825bbf6d2a30b423be24be624e8e1f37698be5aeb0781517d668f5b12	-0.5341034757256267
1025	50e0250022515bd52531b88562d636b5200041fe85bed38b6e31f09fe4504b08	-0.35460131050724497
1026	0a39520103deb4bade3c083c20cb6d26946657921956c8c4d90bb2ffc016fcb8	-0.011613497575854614
1027	0d7f50fcc0d0bb2d0d435ddbbeb6d2e1eaaa531cde7977e1329d0dab24dd13e5	-0.6237780128849508
1029	d86fb7c696861834148d19166ae1eed012a4824ac579f472d9e6edd96717a53b	-0.1546109549018162
1030	c17350c98d3a8175505cc4555221f13426556a926545a39aad8a9c7c5c528766	-6.45692812143942
1032	5f306d3a17f255e4292c12264fcf52d4fe6a9f986a5e1b2519b536c57bd24b2a	-56.57034704926679
1033	93020e702727baf7cef07206a4946342de89ad9e740374d5f8316f16cac1c79f	-5.981450153899316
1035	ba4228a7495931b8b1cde2b128cecef1e785bc13087d2099657d626066976977	-0.13862050189919706
1037	ae5ccae0ab82567ea04d879aaedb5a0fa327f106ea2f3cf957b19bc29892d273	-0.34952275831120505
1038	883b0f7f06e4f2a58690ae327b63093058973fba5e4fb2f15491ce9f0329b116	-0.6416796219159249
1040	8e159997e079cb404ad5001dd35012ea2efae20019d799254a10e3d8a1bfb96d	-0.3353970891399187
1042	5cd42e683303cec0c03da1cef90060ba6f7c80a82c99055b8636a7b1d9cd6ea8	-1.3885270784117858
1043	94cc210216acf061d2aec5dae3f656f9529b178cb860f7eb9f1e08bc294e9568	-0.2269346304125306
1044	46a3238b16c7346a4fff72b897b7fe86902e96be69014019702643d8d1f30733	-1.1066477907433856
1045	d580552e8a50598668f3e7e204d0baa2f5214fc98b29eb6558d6811632088082	-0.20367960689465248
1046	4cce7ec94aafffc19731d22991f7b8059c9ad57cb76a333877ba72f6c5d01fc1	-3.6411657985050994
1048	62c45dc70143b972089ef43443152f9eec260ab017da45bbd3c801e623ac16fa	-2.0827572906312293
1050	d739077031cda741e73fb8014a4bf25efdb453022151a2f3c636a6a5a2793674	-2.1281221658852627
1051	20b092818de8596f843e6b96966df5e9f5fa0ba0451840df7966c73a14cec89b	-0.24226706945094367
1055	980bcc75ee6eac530d552ab17c72173c3db69f48de5cd21d94e802e93d6aefda	-0.025654063735105703
1056	5b9fdc53a32a0119e4ddd995dc0c3c7e2628447e59a68955f7b329b748b4d777	-3.583172053449598
1059	89408c762b1561c5854aa2b6558e189bb49ccd248940a864475264299d597508	-0.34322974435828413
1071	5c9931af1c82b40a8dd27a58a4c070bff216c83e34f7adbe102b51e45865e65d	-6.2713300738684765
1075	ec4231b7c5e6d9254f030663a38aab2472f2a05a6969e6e4b7684d20a17da8c6	-0.3566819630050071
1079	7871a22e14afe9ff3fd37860e2cf251d81e2cf6fbf0fcecd5798f2fa78065978	-2.062264653474996
1081	998f6329a5303eeccb2895f6ab8a740af6b7303424006d050aba5f479e5740c1	-34.308769269530906
1082	dd7c79c05bf6bdd02c25fc4478ba13e117279255906693946bc7b9ada2827b3b	-0.17743137711376877
1083	bcb68fe1048b108b29b4095d9d7eaaa5c9259ce2dc4df6c36d1d7490f458bdf0	-5.409366989734589
1086	65b504a79bd824bde5d6d08152f7c63183d0bc94e305e20925cd8c55c8971688	-0.38238279296335675
1088	fc2dbae7b692e8a779b77610c5cd0c002a5249c9b238183f914c2b05e1b5e579	-0.10639128580856205
1091	9824c9634c7eb1e599cc18bfaf0e0410010f9c8d4491226a4ab33042bc1faabd	-0.24803357831364448
1092	4db63fc82ad9212d8b483bfe62f6b63516d563f600cb37d640fc091e957f1b4f	-0.5474472341092544
1094	d60bbec437c6bccffc67fc2e08ec77ab8e04c8b51aa0142acb9a816d5f82bb0c	-20.22962696315998
1095	83ba1836bcce5ae4a51b58a5d909b71ebba7a1d845289ddcaf897fa83983ea0f	-5.220032481786603
1101	7bd3d26f37d1e546abfe5fa976d904c5c65125cfa7de2d6c7c121d529253ca1f	-0.03996887088724055
1102	e058c5bcc6ebe5d23571350d7371ff30d8234fa18e8729492d1cb27d01ad6aa1	-0.44294440046432393
1103	76aac6df4a280a78004a5f7617e1ab7b479217320cc49b1d2f1d0168555f4403	-0.1937655683824948
1104	e7f3f1fbe124c47fcdee6d09d77805ef456a78842fcbfb8086f523e36a6de609	-25.25748801029175
1105	a6cf552f01bf82bb13a272efd9cbcbf5c86d5e6a7016d7933dc56b15f772367d	-92.34738230701373
1108	0f4f9f4ff082c8cfd2937b1a0c58f5062b6385ffc9465d36d3bfb6179159a3ca	-17.849202362891983
1110	eb3df3d0b2540e7150ee22ddbd09eb8ffc94a570cddf0e605fa395e3deab8678	-0.013281667423125088
1114	aeeaf0e0b8ef7f45a8313962a488dead8ab3012b4f6187181d4311d406e7f3ec	-0.22224565831439747
1120	8e03aafb4a64883c6fed688a03f3ff0ef3090c49a9c8e4eee4aa6043ac7c0904	-0.4206744647246168
1121	dbe596397f991600e68fe5a7aa5c9139482a1465045c30622d68cd0eabb9f7c3	-5.159946038792285
1127	c8bafe41267314279d435777b44e13315f397a019c842176a4a26431ef66f983	-8.916697749593089
1128	c1acecfafa8823c2965901bbc20cb3cca8377e9cec6163839594aa84a79266a2	-39.122897182732494
1133	0ebeefa607f397c99bf50276b767d07f15256404899455a745589ae6fa652d30	-0.16881082752070986
1138	c2b04cbf2285fba44e99de5a102c004c85ded366a75978c1bf59ebc10e647135	-1.0769199821837923
1139	f1f9c94951ecb21bc5056f84f3c676e5c91e426b44b8791d0369709a3a7f9dc4	-0.7448498706133504
1141	9b0498c36564176fb2aa8cf75a3527715deae8cedbd5dc19ed455385ef96eecb	-3.514881947039668
1142	92b21ef01e60987a8d5582fd1388f24d693f519017003dcb8feb018723ef681f	-2.131183677166557
1145	35e5f0755db68020910d4c68c4dc234f924ab7e5120abfa4bb8ddf3bb94e0360	-16.49981534201642
1148	c5da35d113a50350a8400481ff0ed7b47181e520c43e036c3936dcf9bac2e1ca	-6.895020069768728
1149	ba3132f42944c04c63c29fa1acc63dbf819785c12a14ff05cbe8bc2b45092772	-0.3120480956870424
1150	ebac56b77951d0a87107ea4bfe7fdb44ea1fb198b306b9b4dccae592430de25b	-0.5382052261379087
1153	254a5f3a0c3c4a0ae04c14b2efdcfde7e925fd0fd43deda6a39f2712d7ccfbdf	-0.014688949560394349
1154	6dfc05a45917d7439a9858aebd35466f03647129a914ed622968e615bbe7d7ef	-79.30970991109169
1155	d92a4dcd3776e9150083f260a67ca2085d41c0f3980f457c1129612c75bdd324	-3.765526284619985
1159	ca2c549353be2d6af4a89716660cf0b6d2e372e5920e74719619e8e3a1e7391f	-16.058287295903675
1162	d0f0578deb1e3f06ad43f32ed0128ca319b3e8f81b9b346263df120698e7c807	-2.694297346348817
1163	c1292db2d91bfac961525d6724d91dbb14709b97af27549994976a02c5c3f557	-58.58231867357798
1165	fb20c098a3fb9e9e1c82f9d0d7873a81630eb4ef7a878f53e92d84a4f703a52a	-0.2984425312224066
1167	17a53bc08f5083004d21923e01602d07d6efc8f4fd9195bd8fa70a1fb8d07aa1	-0.32502678850716893
1170	b9ef401d0ea070e755cbbf641df88c582946beab6b651be7e9407bc15add2ad0	-9.610558496918712
1173	6d66b34c03e248901413ef22a5c5ff5312aa6bd5829bc623c8a82e05c2ba3ec2	-0.15446591816041688
1174	31a34be7923a04f89aa33d21bc4f1ce1bc3337fb1100ce2496b446957a1bdbb7	-10.977888364637494
1180	0081e8d72f5c3f2ebb8fb3e76e74176ce26e94f24ed485bcdad72e8c8e729797	-2.6357495318042004
1182	bbc3beac9e370025445f0245e429b6de7a64a119cae6858c9c73d2f8a90a48d4	-1.084630732235008
1183	abc7f1b93d9fc967b495217efa4b90a3480078aa0620421367209b56d3310c6a	-0.3575573096196982
1184	f3f78af47daee177309bff2923db25288d35c41e006c1d0e93649669c7c99bbd	-16.414309841752353
1185	3370ff5fa1bf1471cd18af87b6a4287e4b5098feb531b460b6418917a033f72e	-0.4764847791417455
1189	0d17cca35718983137c70912df86a86e34281dd490d393e4ceafa0cf798fca23	-1.37351301337495
1195	4bfd13178d58d9e5c470e1cc809639892248950562b6e977122ad5d8b9a5fb2a	-0.2505415657086856
1197	0fe8964233f9bf33e6eb03409dbc0b4695b4b744b54f9bb3ce79c75a5a82fc60	-0.11092277809065565
1199	40dc5e666747e343352a0ad118c75a174f96d85c178f43c9afa0edb5e47002bf	-1.8316930825603648
1201	f411e19c648c50dd4a1fc587f52f45d0c2792e9c51a8f4245cb3b98c832bfb11	-1.2469896194228114
1203	f5067a4144b04bad8c20aeade16873c4e758eaf19c3e455b1ff4fcf62a70233c	-0.15211551944055968
1204	1fcb107c7c9d301cb6e0c577791cac9df1c2a3f8c1adc511401fc01f2209f630	-3.0972058759991903
1205	a59f457478c82cfcadbb42980bec3163eca3a25afa995520a20a1ba914736e2d	-6.782646765505112
1206	2782a530c4cebff4def481b115e10ec583d22bda4cae791c68176723b77f7356	-1.3714724139070302
1208	25a6eb78be771a80a2d6bb6bab3b03b18b4dfd331a843cbd02c08b8ed56eb225	-1.4278938750235022
1210	87a701ae81d0099ba2496e60a94da3208544118e838895f7d5c69b4622554113	-1.4175161374085512
1211	83db1a18c040232f6be0b5a83f603d313223b6833f3f2eca084533bb9893192f	-1.0726181069052712
1212	8e25381aadb9bcb71b328a11d58b8f1f09c319246fcb56104ca19a81affea54b	-0.8841920146312048
1213	419f150f5f355ba5ed96c2113ac631722a92db149000b5ee9308c1c8ac57e216	-0.14062904466786152
1214	2e586e9fc931befe792a089c5a0d43a57550fc888f18698bc921783626dd1e7f	-0.051368869835007436
1215	6a64f4bc65480bb0c7ce36864056777f8e67adaa24e25cd02a2ca00728178985	-3.3159599771152335
1216	de6603133a2768a8e54b02da572f5e568c98c21e619c2cfa3d96da9875dad3aa	-3.8773553722412215
1219	55c2843be801d14bcf71aa9921e47422af6783dd6afdd99a33ca142b1bc21b56	-4.128024387215175
1222	a16452a5a1ba13ac4b81dde16bfa0dd306d8c84eb76e0caae7a2e10b7e643b41	-10.434865385940446
1223	2a00b869274f6b8f35a292e6c44dfb9215868d96491be65e38e4655b1cd9cc78	-80.45349150771479
1225	9ca178e333dc96993597746739feda0557bf00c844cbe3fa5744ee294f3ca3b8	-3.118717377024536
1229	56f5a72bf7b0357309d1e367594ab18b62b4348815699cedf54e2810b40f328b	-0.2889098901028597
1234	b415b0bfdd57edb62b5bbd8e701f0c6bd449fa12876bbbeb45e8c0802e764df5	-3.185052592763311
1235	9744553077aff4df5a0d1bf6501af655b411862272c63cba50e9716b9de93f12	-0.41121948483801596
1239	a650c19cd8c7fb1f4118875d7709eaf65b2c10c6919c2c35d20c0d113ecf8a72	-0.24211733949205572
1240	f75de482313aa7edc3d56ccce7a2ea335a46b5fcb6e9ebfb7142752c4ed7cfdd	-1.1243338299499213
1245	db7c5f49c2fcbb3083f39e6796bc6b560efa34199121132c5222ee1b7b6d18a6	-0.3125691708036782
1248	3d25b34788d45d07c4d27db3fd62255e995b9263690014eb94d29d911434e315	-0.5846768106458184
1249	8fe2f1fc1681d858947605c576399e43168db33523705ea1752e80fe4dab4d86	-0.7841924964668792
1251	80000cb95f4c0b82a6ddedfbbbfd6f8d360af6c7081f72ea79cc425089727895	-2.806103689180367
1254	dd863f0e729333c99471f5f1059ea96fe3f2f84c9e0a59b3e1975de4057280e7	-0.32096179513648493
1255	3657ca69e80dc49637488b93a68541e3042da64ae95a5b15391ce0ebac518bc1	-0.14405934418350652
1256	87da751457dac2ea9b039227dff20559db89b459ae7bc6e09ca2e60f9565835d	-1.1247983586284196
1257	867f5c4a15feec8ebc996c5bd0fe6641f205b5d105f17126d89c1a4fdd610f95	-10.94149332994932
1262	6ed6c063e2642937468f50b0a25f0bf5128ba69d59630a08f9a71eaf78452f1f	-16.38419309394269
1263	64fc0079f1853b73ed5db569d8a908ca7a1d92d6e082da429dce23e8e25f469e	-2.666195751354722
1265	4db4cf27062acf0765126f217558b0afeea7ea6e388304bdfc462da7a9726a34	-1.7130857767264356
1266	b35f1fdd0be5be80d2dfff37451ab05e45a2ef7a28350f688ec4092a7ca01310	-0.270088437072481
1267	d2dc0a45b423e8f1ce5aa0a9295d659036c722bf89a07ef2dc94221915f7bb06	-0.28877574503395653
1270	4913d9531170991fd4b125c524f73f8dd7d1b553e298d5cf8407da0f80b164aa	-1.151981689976433
1271	0a35dd26d6fc650fc3af557ca5a31b161170b5fb34ab8e2d1949b7e08fdf430f	-0.022405016096898045
1272	489fdf01402932391ceb0099c85830a66b266610f19a47cca72be2aa4cf526a7	-0.9573189998069966
1274	b1042b52ecd1a1b38da6076523ef3aa0365ed4ea7f0db578db1ce22c8bf81623	-0.061625099046469956
1277	97303b484fb0705c3f643c8aa6dae636f50223bb5055b8a572d5ceed49ecaa69	-1.8823944609242345
1278	706537c185c27228ebda71ec601ae3c79b01fee39187351ccf6a0b1e23dac929	-0.08734146255543229
1281	02a5e22b11918b3ad046627e1592be78fbc288437c1b504ec8bb1db0f9a335f5	-69.93941278312754
1282	232d8651f4700f3ad8e889712c4de54bde2df28b5e33351f0c71029526c681cb	-7.092212561127324
1283	24d47b5f52ca79d9542ac1ff84e4cba347731a465b1f99b82236f7cd4ebacafa	-0.33467027947438055
1286	6387e4a86fb096667e4f4a69e122365beb57900b429551bb0a94c6ecf82d7b78	-19.618131702939863
1289	7d5f2c7bd5ec2b22b54dd735c74ce7ec39d37785b9937d8a1d5b918da1e673c4	-0.44695249126274095
1293	3b1dcd4d3b05346ba3290f6374eab6b6c7966405291d3821aca1fcc564df00fc	-24.830032499710644
1295	dfcd7a08a584a5665b1c53da9b8ae48b65550f5771a6ac9c42b2a74b945cd56f	-0.7194539019870814
1298	cf101f18f15035154b24eb732d03e82180d720121ae834ca06da8f4d2c4b2017	-245.86416995043822
1299	dfd42feab97c52af43ab6571ca60526e910c1c40b173c5b33cab71eedeabeaa5	-0.20028334422704597
1300	9511c6c02ba520af9030af12306b20e8079fa3a728f098bb859f18b1ece099bf	-7.342092703422193
1301	d0e2d6d8a984dbc3b4404dc9a5e58e84cd0255e53be48e4ba252ff14f06d88dd	-0.12964280290117425
1302	2e53ed8c274e2a3021794a62247a77830b67fb88b62f9d91e0834e282f4c042c	-0.43927948105520964
1303	35e2698417237d7b0654f6f6b771dfdef409d2e920b5eeeba6a02639983f9977	-0.5960296702466112
1304	4a57a87de6be4aa0c0c9a1481cb8ea8c9c702cf59375fd196da92e0c353c9f33	-124.44224013089912
1307	28d534783406462cf7805fe0c8d9487f1be38a456d4d66951ec4c46fb7e1a11e	-0.4558373224087573
1311	fa64cd5581fb961fbf922c87ab1aecc0195ba7a07555c798e1e1f6f31378663b	-10.692336502690935
1315	b4947f22517867fd780bb7bd7676fbce0549638ffca7f69b93839c53e737cc7b	-11.484763817113313
1316	08a23b566cf8a7e9dfd09ec9a29133b6523e27a3f2f1338f48aeedb0a0e604ea	-2.0045122233442516
1319	77e8db580c2c5a484d5690658d383742888e81406631def78eeb05566db4c667	-0.6157511808070089
1323	216281e47e70e95ebd38d58aa673427f55afb6d2050f027e8351a65547e1a214	-6.7295568961435075
1324	df4a2ba340b64be35379dfdb92433e99bc6047c9a52395fbc0dea252796c4ae4	-6.989380298498168
1326	2b9776411f07c9510824dd75266c8d7918dfe55dd47f992723fc064d1a219e74	-0.325897861538315
1332	a2664d8abbcb437d0498d799ef4ec478e4871a46fd3a87d6833dd11d43a91119	-3.3663458731403324
1333	4f46bb2f0ecf1109f4891bc23d251a7b88dba5a9da436b717af3fd4283dcdd64	-1.1656612634294024
1334	b891a3acd8df7d34120f573372dd51a89529ff7720c39069e772884f9a773ccc	-18.171581420532704
1335	af2591e27cda8fa757614dc9de037d7211d40286b24d4d31451ad52e7be6c8d8	-0.8534350363821177
1336	9d6ef5c3e8148c962c94e0f1d05d1fd37690f38b561b4787e508d40a2e38388f	-196.1097901945381
1341	cfb367da9fe7414474599928054b6a81557c27cf5881e23c9ebaf544a58abc30	-0.02176958976807497
1342	838f2d87db6b14e4693570f1972a5490a7fd35acb47bce15d1eaf856862244c7	-0.5679573828961091
1345	02cb2d7b73715427dbeafba7fcbbfd407cb6dc8fbf1ba8957b3aca2ccc28052f	-0.6913581884923545
1346	f0308330da4bdb5279f1d74142bdb3c238e0beafa18fc1cc7afcc90e398d8c77	-0.4537283973927415
1348	894b2adb14195c9d4e62bf335b256e415c5757375c1206e93d3bd2d5957e0cd0	-0.6099502164665067
1351	a458e6f7447b7e633de0bd8008c0ae74c0b2aacb7776cc948482b417adf7c7fe	-0.013390238492913875
1354	9763204d8eb2bc4226b56e1b05e134441df2bc82c3d1d41cf1898c583557f64b	-0.23135456652017083
1357	2c3c19b0c3ca047295c40cd0df10e35e76228a751243cd5023476fbdb026a8fe	-6.241326630866172
1361	93ec0927604a63267c60f62581068027f0538a109309f8364f92af080a261ce6	-0.5801803187931618
1364	83eccf832ea7432ecac00e55940d4d60be9982b0448d710fb87434530e4224d8	-0.26872027810755306
1370	a3eb7d8f95e88207c4a23e18cb6613b28e9043ffc9870009e7090f619fcd8c18	-13.517636683953667
1376	eb37aea413375af37972b7be1c882c46e796a7deabe93ff7f85f85d546a44fa0	-0.14787987559135285
1378	e7732e30c21a4a292bd50ad1268715c6196d82fa85d7e2131ecddc8f5336e3d0	-0.15529197314909626
1381	f6015c82b4d5474938727c80403164b606a6a7c479a5ef0663a66fd6e01ca5ea	-0.4184020269908395
1382	27582da6deaa55c6f416b9cb8cb172e774946a9dbbabdb6cb91d49073fb88ded	-1.5750827472974782
1384	2a2d818b56448fd51243fbb7da47ef908a1b1929d5a9d60320fcf2a33489103c	-83.70981766031024
1385	d5ab72aad294f42b5e24bcd9bf2da8a7b0509bb1a06c27769fdc1d79dc9fb1c0	-3.303060286181264
1386	d3f2f44963f2fe02be33ba7b264f8ebae0d3f40be5592c67c4e39d52484ead8b	-3.2874741887059544
1389	7eada6ed7c1e17be541694ab918b29fb87ea18975deffe5f5d2c1efb9b3e4067	-11.648398275347354
1393	500be678c0778b0463b2c92b71f9f4d645c4d62ced34f6c27443ba698f2a0be6	-0.8239161479941248
1394	f247df0aed1eb389dc08e7870f1d8c2781f9e0a700d9bcc3fc54877fb3441077	-0.4636821611041513
1395	796f68177a692e3c432ce1af471194b68d83bc0224432525299f0631388a64f1	-1.7206205135974724
1396	d85e4cef2319b7be8493eb4e1f82fd2e044c2355f965cbcee1b1dbdf40200d0b	-1.2255091857744853
1397	5fa42b11ba297eeb3269c178d87041911dc05e6e8811ca156bce843867b9920c	-35.36938687524857
1398	24d183d1b13212586f16275595ec4557fb35235877baa18f20bc53a082f854bf	-0.47277259934495586
1401	cfbde07ab1d9ee94b84de394bc675a61c608c08d6eb97e921df4e8e1a0c74d6d	-0.0163014389778402
1402	b0ce1fa0c51052c30f8a273f7653ac67c3ee1a3e216de9541a40d6e8ddd65640	-5.5400630227883765
1403	3802de169f1afafd0bea5db70e7687af137c2068c6183240ae4fd621ef2e25b9	-0.4344912237017653
1404	d9e5888af1aedac8d6b8a7326b7b0c4e51e8693e9ed087df8f1fae9db38c5bfa	-6.111410892217294
1407	67acf03db03e2345d3764580ea4241c747e5022276f3ecf79c98cea3d07711ff	-0.39563089832721143
1408	3061f51132c35c00ef85c2d679e3f4f962ca7eece425ff16c342d97eb2669492	-2.29246346414084
1411	60812d5345d9c7fa11cbb190b12482a3dc424068abaf121fe976b788ef4095ba	-1.077073070086262
1415	a5067c00ecc4355c2f5ebf96e9e4eaa1324dfeaf166c49d8a1ebb8d3cbe0c163	-0.6970024964799062
1421	0e10dfb3fab692925f7d0a9b76b7e027307b2303c68c3971552ee284d34090d6	-1.0563171073770294
1427	870fb69c117c883136d7225acc6116b50b8d4fa9b8e0b29d51559af6fb315917	-1.9445494577237832
1428	bf1775b969f4dddc2ab6677ba7786653d6e1186d8b3f64e219005a3ff5c21356	-12.522819354122264
1429	d203f4dce003eed35d7fb73c6934d8e98bae1d844e1cab5f6798a52cf5eb4f13	-1.4430610356971676
1430	ee697b6332131caa0fe66aa73283a3dbbe7d807b4b6bbab6b92d503c6b1d0cb7	-1.1640795954130243
1431	83cf065003bba506f4cb943cf8680879358254de8d7063c6a2d5c198b1cb2f56	-0.5654105071468138
1433	ded502168939ca399e98fce534dca97d0d986a4f6034e4da57ea0e46ae3a0363	-0.30759968429617035
1434	453db2303a3cd6d6dbcc0609aac740324e519725fa3dfe94113cd692561632ce	-0.3579735935462891
1435	330f6713043e12a04ac97d0419ddc57bafa0cea4f97db75eba8f11da2ad04778	-11.56841568176838
1436	9a45ce437eb1cef0cb7987d9710d3ee287e5bda9e4324cab70595ce7f5fc3de6	-7.088645947818474
1439	df9eb3c2e3894b6016ed83936ad90fd0f77d18a4e4dcbe80773df7a165f1671d	-0.09126225934754317
1441	bf5f126bcdc292995355d6283d5508d88cc393b462160981425e60c0f6725627	-13.180803728581376
1442	d1c466d1c5a828c8d8afc8f3f27b84ac5b58d817602204850050beabe703cd4e	-0.05859958472184812
1446	d7a64f609b11405c997625e9141fce9bd552f6c023b11c6d0cc4231ec1821b2d	-1.832819318543875
1447	e5641b3682adc666f84654d1b38274224a8dbb9ca701bc4e635b84a67d93b147	-0.28437581024951775
1448	9567d8cec1c9db34b8dc50c3faf9f02187ca291574df3c8f597ec6b3d7082a66	-12.402283088830849
1449	c86780da10b51ec54c3decd2c16a34d49ba9f3ba6baa168a1e089d6d967114dd	-1.09733066172556
1450	d9f994ade0e28c1ffe2020c984a2ebe890a28cf1dcd2df117644611a29256761	-0.8886835056991111
1453	5c74d3473f95169956e3c4f363a873067e31f8c142f80344f8c1636e4a8d8a14	-0.2887222199544035
1455	23334c0f88856dbd8416fdc3249fce7fa43bd2817d0f4123abb7090554933fad	-1.5263098952121972
1458	8cb5af5bba6b8591ba2c85cb3a7ce303c276339694021ef1957c9e12235ce8fe	-1.4997686338403784
1460	b190f40cbb0ae2e506369a37b578d2346d6c36d6d089a9978095570985b7e2a3	-1.5498352669759297
1463	ff3b5fff2ca3e533d3bf3fe5ccc1bfd4f2756a1b9b2f070ea68047381929e7d4	-2233.380345446962
1467	ca9afeacd0a2d95e8d6455ff7a7fcf5be1de4619dea4dfee1d2eccceecc7660e	-0.2378814500378872
1469	946e4a021f5afa4450e654fbc79f91c03580954e403ee493b36daa1140d3746b	-0.2831866314299214
1470	08056deca2886fa5ac75453129e83733dfb1243144e4739a10f2989bbdb5fb54	-0.5845563643725833
1471	8366de28177bb94f0edcbc27b94bea7078efe2fd919a223ae36aac82f25b7757	-0.8702404856252117
1474	ebd54d3f5633a8f909f53b0ea3680551629fab72a17fc4c0ccf0be3a24f6fdae	-6.7160267258949045
1475	97f4bbd99081eaeb836facd9bcd699731b59e6b50612a0205ea11e3bb429f1a2	-0.7677435221763975
1477	d65fea573626ebdf57840b1f9c386f2a05455240970ad6165afc261f5a1f02f6	-5.908515803475662
1478	6593ac9491da2bc848298a6a8c02e1e126546a53d8605f6d1d4d1d40c4636706	-3.9666441534731316
1481	f05546c1ab083dc188b2ee19f69bd0ed19e941ac9f4d0aa1a39a6c8e581b564e	-110.99615552768077
1483	6e6fe62b932c06aae4b3f16ff8ca11feb4ea5246716cb4ea4d4bb0ef42ae4056	-1.7995396080535468
1484	b48146fcac1cfe94246a2d48b03a29e493960991595b7593c5f35567635389cf	-12.097899679771494
1485	bdb175e7f962916123e8047def1545a6165b0e105122c3e324a04445c6b5087c	-25.161932657182128
1486	0e1ca55c3440879eee1e2bc0e4d8de350bfe13b8502ea06597dd4a6292575b15	-28.443691311415076
1488	1f18b5eb05490d2a6fa4d9e82c70c863f440a502a4ca164dd99f780deac23be4	-5.1280921489247815
1489	7a8d36dc0b57d5255774abe0276ff2513adac8cf259795b5685517697c8f44c6	-0.1874219687141001
1490	7fa16cbd26427851b89b18f56ab370731c22478ecd96aec26ac8ad5c09eedb22	-0.19561422943355766
1496	b35a40e869b3d0739b19e7cb8de1afbcde933be2b8c74e6456d48076af2db05f	-0.2948534267570071
1497	08329623283e412c3bb146b3dfd43a650adab738fb2991f06582c1c71046b1d5	-1.5857755057386669
1500	82b3f8a79ebd74cd4c077b0691fd63845a7b5cf8430b81cd91baf4873349c2cf	-0.41873654546054984
1501	9ed6291c34f6a6e6a88bc11535d1bd1f0e18c0e1732a8db6d55b7579c53a1c9d	-1.9767819481040894
1503	d65f4388ab45d5d8738bf7ce2aba97766cdcdb61488ed7fdd0236bdabb98bcd2	-23.500377608062575
1507	d0d5364dff9fdb0ed66e5efc2dfe2b7f69938a497ac5c7c8561980e55dc41010	-0.14454237461060204
1510	a3a502c685e43f049e7f9ec1ed5d9e571d680ffbe8d9c2e533a9c97b41767542	-0.4262738684534586
1513	c53e5286d718b6d67852d25569c43ecc185ad294ea241fed5ed013a27b446dce	-0.6092464229637604
1520	c4132e1d845af28b53db82f16bd13b38bdec70241ac26a123437ba062b3e2c33	-9.576955682589537
1523	90de8e5f787212818d0a7940b564ffc3a9fff890bebb3eb531e9bbca11537f5c	-0.4067340774039514
1528	d26001b36f962306ea1c0b9ed16867ff68204647b20414343851549056492d8e	-0.11165192942233237
1531	18b0cd13dadf0a2c7b6c0ba8ab20bdbdf162a459ce7d09e14914f7fc3406c6eb	-0.026547613301259876
1532	66147c9351b7c633755d182e2733a3945fdb6565a734a36de5092b7f6270a14c	-2.3221646518515437
1533	90a990418e2695a592916302f71a665e3bf9409a682bf1bfc470ad47bdcb8c2b	-17.937224801776026
1536	918d3ea250885131c2db581396d41e5218e699cd85d8cb9f6c392546aef0ef8d	-0.1299435224446459
1537	c85d99daad2d7dd12f9de6ab3f12ea79baf633683bea725d5ef7e6187b248085	-0.01733008168326844
1542	bfc45f1f9a192122d9b7b8c8dcb8b2192c2f26f3cc1c837482d100bd12c77dcc	-8.324998432667439
1546	f5771edee727408c04cb508ec5ed9485a6715e5b9f0a13c4997f8221e320bab4	-9.707470490369175
1547	b0f7d821dccd60706f03199301263e7cec33afdbb8079fce1a09c6d49d2b53fd	-0.02034045930322037
1548	8352fd6934082e7cd5d60c6690674641c86127453eb1883abdbad4b37f37f34d	-0.02733600564781047
1549	93a1bce39e7a1086dc60ae8396f974a3cbc9d8cd3b8ebe770fb79ce9856933b9	-0.17155779147579509
1550	c99c97b185bbaa73cc9f81f01bd42757e767f99b25d9b61a7c763b237d0867e5	-3.879905744699534
1552	ae3e9698dfa805f1a803d3e3fc26c249fb3131d98c17e00e490d2839de056e06	-0.11310438491758878
1553	b08b7406ca3ac0c46639a14510e8d3c77615d55e6fa28307dad2db0643b1ed4d	-0.3028344314125171
1554	b362827cd8144ac16664081b3d8661ccf7d3233e8961195428500c78364546ec	-0.045873261383159614
1555	61f1b3e00145fb3cee470004f2aaa0983946ebff6a61207c0cd530614c98f184	-0.6137200887866556
1558	15c331be7ed72b4b71228c47bb7d0be2d3485b7b275ad6f888f402a8d791b1be	-0.06248502523533994
1559	5755128a9711043fd05408ca0e4c42fd5d2be0ad5145f0f095f8f129e3c76b31	-0.14506693825494676
1561	2566f7cd203cba6eb79b849849af3354e15d6f3116838b08cbd525b05682e59c	-0.2678791268850731
1562	d4be1ac7a4e503f52eac0af5a2fe7858037729dbc39c02b280869ce533d12d9f	-2.3783117187254903
1563	6c93d586431dc99a601ae33070bcc19880aa986021585fb362acfc8f30db5786	-0.11392927764496874
1566	26da3efcd7f1df9abc8aef2126a38ebbe59c21aa0e35433649e385d2a413e506	-1.1629372586805449
1568	b6f30929cfe3f16d1f69ecd0c4e186eb273131a74069040298b249768d6db6af	-0.6502396889904596
1569	e1c956a771d1c09778100d074aae6918907021c3610c3db9660e1c3cd918201f	-7.045776483052906
1570	642f2b62bb8966cf7a37a4eb118fb8e60167edf9f71c090495db4de6df57493e	-0.2602466984769112
1571	bcf7632501c194c9ca93613bc1bcbb6ed31153d8eaf7557a27e4cab72dd360c6	-0.9683641415963586
1572	0f154a4dec1326b6c0ce248c6a7b514ac95566bae527f1de2a9b095d9dfe0d32	-0.03990310325970703
1573	649d8119d8c836a3d0f4b4c0e1aee4edc6b97e06476f3c73543c055ba74392a6	-0.2588133313316028
1574	97dcd9655d5af671017c0d8c3f82c72d2a6371aab3a5f43e1899f18bae506630	-0.11167958009934087
1577	05f530fd0f6442d574fe66c794ca05b8a3def1a9a6a2f4b8944617db49eb39f7	-0.23538814803471664
1578	7934ba26fc6357a1ee3cc5c27abd96f8cf55c9c4f62979e3ad885a47dfef31fa	-0.4063939316174574
1581	842a86c44783eb1fc2da9b2b14da826755d32bfa4a93f2dc18bac802a056602e	-6.857418926428998
1583	0554a66fd90554586cf9414f2c56849d42ff3cd1532c862a0747dcea6d99d56e	-0.2599790434252318
1585	f2479d7eaab1364c8c1537b6eafa25b7108d538df42848bd7ed5d2aa38cc706e	-0.9640139853692122
1591	379441281eeab1e9f3459d84bfd49407c563111ffd9a6f615a238ecb47400963	-1.1185013161184418
1594	095583172ceaee27bf195a1f85ddf5f4af0a8f264749565ebfcbca875f19a9ef	-6.367735454485271
1599	3179deb359679cbd83e93c48b623cdd04e1a12f6c9c88b203429725fddf92f0e	-0.003048311686775884
1602	5292d114c1472fc6ae46959ca9b9943216b67b0d6385356e5f90a96019057a19	-0.15620937895553078
1603	c2fb3ccf7cd31ec7d7115650c8ab031f57bdb5e5a5d7e9a425650cae521b9361	-9.285977191865515
1604	3f72e6c9e1176f6158e89682a11973f1352d57d7e19360917f80f6ced98bc1c5	-0.1032496779303369
1605	023e0d1a7ac437437d472809c8372405e9018eb0fe19eacb6b5b166c9df0ec79	-28.387704942010664
1606	f17585016f78d7d658eb0ffa6361bdc91a3d9497f7df51adcb4532e253c039df	-1.8197199023010926
1608	6fc91fc0a3278172a80a7763aefb642337065faf4f3b707104b23ec614f7009e	-1.4809117595498096
1611	e3278b71155c76c0ec60ca62210ec813091bd2148825981a220a4b98383c9299	-3.837970958182435
1613	0cfbfdf7511f159e31324fd41d9176ad67ac9b6ebbd04374f04a83f09f9a98c3	-0.8679471615849403
1616	ffe4fb70d1a6b66bd5849e9a6102ecbd7ec5834fb4f28f13d15f283a4524dc97	-6.711072599607671
1619	831af045f73aa1e22b1503f91178edb40af3657935d5f65bf01aadfa4fb9705d	-3.2189382277168823
1620	9a49d10b9c4550fe9b53fa2de0d4265abbb8872286abfb261425871a60fb7c50	-0.01186898560355254
1624	a9c557becb7b6093ef6cd5fbd5be6939777e850af25d864bdc3a0c53d03cf977	-2.3044001649919745
1626	b91d710370cba9651c2eded59cdfaea631116d6721e92e4db44e0f37cfc4e7c6	-0.06219449713372516
1632	1d8dd7a521f7a080c9c9a65e4f48a88e304f4b01594c97c03713e391f44e14c8	-1.431417871543864
1635	61fe5b69f202fa96e93dfb9a26cf9e0955d44eee9581f5fc10ddda0699ffa48a	-0.10104793038642135
1637	6cd6aff5451da3350f5bee6a82429b263a25744289dcaf208fbf6ba57f7bfacb	-4.067377861460071
1642	784acc31be715c62af3fa69220833373ad3d74ab0827b4007dd240f4e226ddbd	-2.1757435874488666
1643	f18c4aa25cf17bc441aabfe86d2b397a861818168b91b433f185fa068a15696b	-3.6151229286494404
1648	b636f54f3b6760388960d3a8cd5c834dabe264a9effd2a9ba92ed53db77cce32	-2.4665291160843816
1651	33963760ebe30892ee590865dc3e782005ef123659818674134dde6c7c593575	-0.019888195825991106
1654	dce5e0893b126c39f5ac5c2cd3876add5254aec0e8254cfd36cec98b8e993f2b	-72.02727899911852
1655	e388b6f2d33a1a96c96b30607d612272c199ffc0793646dd6e514586ac02bef7	-0.29010880395034877
1656	2957d4ec5234ed93aa2b7b67876c56f042384a80f211a40822d97ab17f431b92	-0.8867188590730704
1671	e7b89c9f46e9c2bd58a25ee01e59b65443b0fe75a319b4f728d1701988a34b9b	-6.8716387168920425
1678	caccc83b264c511c5d3c1b6a6aa2a824209a92d67ca1fe556d36d06c54b40591	-0.9910390445864776
1679	eeb3178f825421ae5a9d2e23ccb9e94a85232f258f31cbf62597633e26a4aec4	-6.327861322944068
1680	25fcdb5a79a10f6e9c7baddb7cccad9613a9a7c0c2ad76cb06a02da6733b84ab	-1.0483323142492473
1683	2b389e460c870780e6727817b114c3f799588219dc24285ffc3b7d2cb444c1d1	-0.3391429662507979
1685	8ff4638b7cc5425cf2dedcbecee1fdd9a0bac84978d9981edb1d07751e3c2343	-0.0877289795216234
1689	d599686ea128a6d960b8adc536f6bee01dc1b8666826545eeef7ac9dee4181a6	-2.3070835014354647
1690	9f81d263fd314af121949e5af75b1895253676a51bb10fce9d595e7c66613d13	-0.28554880871677146
1692	cce1663ca5e68455fc835d95c02384f0156d0471ff04f7321ecf9d4fddba7115	-2.3120124937498976
1693	0b2aefa6ba6b74edb4e91b48376c792b4e817b1c73084fa42bee9cb0e8063a5e	-2.538947874968095
1694	fa963e1539b2b31195974493a626e5f5d35aa30346ad5539d61bf91781d2fb5a	-0.17127036193551315
1697	1a776430e0edbce90791561455ac2c07050f1c467b942b1131952e4420b40178	-14.552578802882541
1698	7eaa40eef3321c50e717025d4dc1e6de25b61cb7e240e6462550df28862f9b8c	-3.099697748068335
1700	8028f6ca9fa8c2a44142aa87eefc383155a33d8c3e0454d71f44b5e6b5749051	-5.8057690546624565
1701	57cb15ff4c2397301c424b71f529813261bc6030e28319b2f0586ca1a811fa8c	-1.2659672132669741
1702	86aab00fa119911dcf5aaad35d4105cda6c7e191ffc6869a61bdbe2931198580	-2.470899018546122
1709	8e769fcd8cd0e6618c8c76512e0468b558eb0fe6757e7ba36552355db7d77cbf	-0.0770599614315075
1712	91ce34b146dd90cbdafedafff169327a8e7dfea1bb5ec8951e5cf4ba2aad27f1	-0.24784863312277983
1716	5001dcd5e9836b42f9ab009bff054fa16dc1ba86e5c35c011c14192c5bda2af6	-4.973472446853997
1717	ed138873a06bf548527e2f2f6eade6487c6ec3f5a36490e65bcc16a71b3d4dbe	-0.7337244356679116
1719	7923e122f9722b99148469daae8d94295c0bd68aac09f4645f259892f3f63bf7	-0.5727537387383594
1725	6542767461d2b7ae00145c49023a362e033c758248bc94ef2a3eb05571a68e57	-0.3572698780032155
1728	032c3904f751c601a9f62b94233eef53898a58790e31c934bfb4e2e63939b6f2	-0.60200145815572
1730	dc09520e9e73389943096570b9fada284b2f56a475c324a984dbbc6620a39a87	-0.6296784196029455
1731	e9a1a0f3a0d4692522c3bab2b80e3bbd2bf07821f0273d1bd0756b9b91fc67f1	-0.2644054650592218
1733	b7ba3fbf7640e81eadf4cf8210cf119d317728c68ff9bc4b53b1682357856b61	-4.777140161343117
1734	311257d94247d694c3678a2c915f36a1215386518edb8fc188f7925546bbf725	-1.5342498826859825
1735	08f72a2191d4f5fbd2bb0d9f8ad56bdb1d40d429c12c085f5e82c9f2e1a9f715	-0.03659488981301684
1736	0d2ed6dc09789ce6a29ca1e1859cf02af411800b211977031e38a9c07a5c67d0	-0.7239444930660299
1737	4f9fd122e9a6bf371bf87c86f42b90fb8291242761a7704c76e28cf4d604fecc	-0.32774488471542296
1742	479a3cdaee6c13d45fc831e6ada6cfccb539e967cee3f9cd6a4dc9dee738f59e	-9.905391842111262
1743	6ae542aca288ee8d3937039341181c9687236217888d7742387c6a938482caf3	-17.464499889967
1744	ef085093631dbaa1d8aca740505bf0908043ccfa7c683176131f6331603f02fa	-5.441414512205845
1745	661ec3137bfb19917d37caa78b239e541372c1f4eb0fd7b324f512b0fe1e49fc	-0.11436032559036247
1749	e0eeec58bdc0d6a87d7d25f4065b4188a3cd8ab17f425f2da82a7baab6913f3a	-13.185962158578306
1750	458c2b70cb3906f3320bcd2feb589801874cb86bdf2b7ad571d8d23fedc1941f	-0.05603206361351809
1751	d5541ab40032c87937fa67b0ecacee936a2ef868316be91f7812b3c6a4abd8b0	-0.3144433084175211
1752	ec404c4ebd6c4243da1a48c10bf28b20ca8a7c3d53d56b4142cc8630034573f1	-0.0023180445676118655
1755	c0a2e94f5fb50b59928367bd7ec59df011e0504c20c1b97d8664c1fa192e4803	-4.394977773628943
1760	fe6a8b18c59532e206d18010bcfa625fbf92446ca91b33b13e944f3c8c8e62e2	-0.27849156489213645
1763	21a47bea3e401b3a7bc600195d0b1e413753c96af27b956680435865a532afca	-0.0022037243610135704
1764	16162da7a526ebdd80d0b49ca33ecd4a0d082ff616dc9221262548558c94de40	-3.4742685100154374
1769	58dabf23978d91370e278c1241127f7b2bb86b2ae0d0274254e8e31ae657e9ee	-23.775210044545414
1772	5faa89f94d4944f7fe7724a259c4e0741f0416df007f344d756d9c92e7eebeda	-0.03259969472238056
1773	04b8335fe577456ee9bff96e3e84b6e21e45b7a675ca132cac9f8f0d39de3853	-0.11016012118782759
1774	f6b921260013f7e927c29c0faa10c1a496149583aebf0b437f70a0e6c244e3ec	-0.8358574825084728
1777	3ad6ac33af2f29c9c9ba707623b883fd204eafab0e55c0ad30772998de35ea56	-0.12253117517932255
1779	7d096d52e510d13744dd298ddddd3afaa98a4e4097ff02959186d93bf430d7f6	-0.10697529668957273
1784	bc7f35cb2e1160c3cd3694e12dd2105a4bf54fe8731cd7d703920544ee8ce809	-0.05616853280718681
1785	5ad87770737117cf3db976c560c87e3013b9949c1fcf63406541ec3554fa4b3b	-0.592675510929422
1787	9d4664fa1cbce201d56ab49bf2d57a0d30b87889f888ecbcd2f88a9c4325df91	-0.11402944979563068
1789	5ca358cb9bdb05252a49b5ad6b660e254d3d6bbebfebbe5a1eee48ecd69ac259	-3.306032489455207
1792	ff29e21ee65c518dfd7c90f285045fe94898c1d2b94bbb15d88ce2375ffe8cd7	-0.7043360388942663
1793	1f621531c5d0832c9ca2f4fc1f0b5b306abd491d6f9a9bcd6d0cddf016c7822e	-8.673227651927325
1795	bc88b619926bfbc43196ed782cee1a3141b4bf41820fa40a9cc174c98c5e9008	-0.020782713529633012
1796	8aaf9a4c7903aaf303d964a6897b09f644dafe8b33b5072591d481bbfb2089e6	-0.7054342307239772
1798	6eea2aefc4e6cd3be3cb104020fbd850bf741476a99d089fc8ad5a26e2709ecf	-0.023773586639538102
1799	19ebb96fc8aa57a2252aec075ac2da619a50e4008da8be675a729ef0711a4591	-2.3587647165616854
1800	a5b3bd1180e3953c3330f212e37fd6f98d056472ec6870cb5d71bd9b69b006d1	-3.534705192396351
1804	b143608fe6789ae563749eac2610af05d144f4a89e5dec6790491cd91d815738	-1.4853321041101286
1805	6f87982d64af7a6e3563d9ccf56dfdeab19559f073dae5678c856fea916cd8e8	-10.612531906016386
1806	5a46d4c8692c7305d21c0ebac453dadd4e7d087eccc85763d17a867f548941cc	-0.2878758849984384
1808	f43c37455bb66e27b61f187bfb254dda4c33dc11e4ba7a3160e64b15d422efca	-13.370707757943606
1810	65e7d39e3fa910474a0b6c086eb8bae82357753c7325d7aefcc111dd829ca199	-2.779409250821703
1822	9af832643079352797a5a936606c168890687a8fa3640896297d545151184440	-0.9413491669785996
1823	62d77237fcb479b91afa8a0da2253741c457a527012abd152dcedf30dc469929	-0.7503067172694302
1825	849d22a217080fdac3d85835866f55a7f4afd54fb1b9f876a5d970314ae371fc	-0.4273678534958514
1829	b40acef62ff486127bfba08d6cd70ce85d3a4f614fd5791fd8878ffa8c0ab0b7	-0.8898170064893067
1830	835b4cad85ade8bdb177c1ffd2612a1dc4abd56082571dc3bd8e46955b06938e	-1.2602089653950261
1831	2ee3e8fdf8ebf34aec3442aaa3ec26ce550d7570d6f2307b2a68d22b2d71b3c4	-1.0739425689537274
1832	02b63ceff80c7b792b9c9102055dbaefd4d48ca86fd11c4785b6824f3dd030b6	-5.915453123144818
1836	61ccccddb917dbd41235627ed4883ca8e4a98cc78690d2b018ac0027467f243b	-40.4132017389643
1840	4ce0a18e8442a22a3a0d807ee569195583923b39262fbe85fe4582ea8f1a471a	-1.451886084801766
1841	ba930e4736e49f7c6d1436bc5356281ad5318fa9e0fd9919a52f3af97b37fa2d	-13.992914249560402
1842	310c041ba9774b021e613afc190a5010d2c51cf8024387d72ba8db66cc836a76	-0.20890402465483904
1843	1dddf4d5500d393abe3b9070fe86eb0f4bc74ee77d73239c53e9499780001519	-0.33831745922309664
1844	01072987ff79b423d8953ec82bc85dcb1a006094190281d8e8e8661393ccc6ce	-2.1354901636561623
1845	6634c330899bd441b895db9494553705338d5ccaf2e27ffaea7aee9a37c5afc4	-0.262608695412754
1850	7a047a30305866db82d6ee0ca170bd2a52c9bf3039f0e1d4b12d50f1a9233de2	-1.3497258001455008
1856	a20a5b34886b436cc4fb752cb70f7eafdab84d7660b517a6504de666121ee86e	-0.7964938078850243
1857	7daa57256aff6557c75411d37c63ed65b7cc832b4fe8b8ccf0ea42c3777bb33c	-1.9714062189113108
1860	1c85716ca667efd7bc909e0adf358659799016c93ce9597a56c2701064b8180e	-1.2600883142286965
1862	5c29180f32c71c1319f244c2b3ab70c7a22d66a9a2671e02e7013bf2d7bf50d5	-1.973767336916087
1864	374de74af09db4bde896480aa24b240fdda5628e107ba69917493738fd0a0ddb	-0.27213283440329006
1867	dcb6204a1320b274039d95f56e8d749c0ca7d5cc271d492d8d38e468a2b84aa0	-0.40965450386702984
1871	5d5d558fbd8abc110274d9c420a9b0d0cea3049bf5b94a715ca5ec7ba619bbb6	-0.4259514749018254
1873	fc08e954951b2f8d4e9062b857484e6fbbaba39b4c315a3fab8c2030f487b724	-13.923273198469586
1878	d8b4d6341289612175ab1e7bc47a7d60e3618a48481190708a5a483101192755	-13.911647098268256
1890	45bcee08e59fa588b8438a05e0bf6ba0776666458f6d0e49f3f7d9dcb761999e	-0.7448870943986434
1893	da5224c5337eaac81dfd8a319b15972c2bf480ece860b37740b75f4e41fe698a	-0.6990772039951727
1894	e9548c5a4ba06d3714f1d39c00109f5970da670cb9c01c31d35094d89cd45b65	-0.29359257582350806
1896	ed185c97582811b04ce18b473c960d19ae01731de6ea197f84c883263d57f5c2	-2.117982722348446
1897	c78d94c0b63dc51cd4a2f38f036a39d4892da6fd134551437a188a7c8f3143a2	-0.06457955099437651
1900	68838ef6a30c24c6d6f9564885adafd6f1a0a1766acc0e7c9df9fc90ab4e3368	-0.7650839489578525
1901	cefbb2676d6dc3dedad2caf301c32ee25d8d9e56d0c86507bd870b9c8a2b2e5e	-1.05130505069722
1903	d8f0aaf9b65bfa246c10a4029e13ae57f540c73f198936e0810db119e4f6e688	-4.496112877366609
1906	7f281746fe90d7dd2e53e79b068f32a9ee82cc847f1a32709ad4c7ad84d579bd	-0.16121590544411468
1908	eed9931e497b97cdcddb606c134e3e285935a3c7668e92a1bc1e744d04d9cb89	-0.061325527225986054
1910	25b40e96b04b5c604f395ab38877467e7770d711ebbc09d17464cd4c41e1e63a	-274.59423524653806
1915	e329a6970b88de3b3a0aee8307163d35b9984aeaba566a844b0634854e697b11	-0.8564201095325654
1917	d340e515f739cf5bb842c30b969191d9dc8318600cd595d136da15229bc83927	-0.522224831993916
1918	b74b8b7956c42887dffe631f23a15ea829c32ad7ed164ae7bef344625ce1495d	-4.76896118376283
1919	72ed4b89ce5ad12ec43661431a1677362563f0ff9fa876402ac301c3bb71620c	-0.9813439854079811
1920	b62133ab0833bc1e6af1ea2662a82b2360040ee72ad114c8ca38129179efaf09	-0.4288006044753976
1921	75da1a1657181d8b3d64bf603ac7241772ff0e7862c2102a2f8576f490b66f42	-0.10629097389625675
1922	1bccd32f2ecd418e2cf476cd97fe5a990a3765c55ff63be2be7b60f5fb88a7af	-0.08082039863750579
1924	9e06c95f70b77b30d9d9b4a17144e20a49e1cf173751625a4dfcabe3587945e4	-0.5433370686750385
1925	257d05961c4da5d2db14e69a83d43692bd60c2673636540ff4f78a255f3bf7c4	-0.31798889322005963
1928	8a12582d162c70daa1deecb76ad7ecec209e0c596c20e68d048eff5733c986b5	-0.5080403096967654
1929	aa6b5097540409467b36aaa6fdd33420e00e5c6e3f451db246abdf0579112c60	-1.3471629765634492
1931	bab0ca4121b9040f53a592572d43a7a81413848dceadffffc8f4c1e6befd487f	-0.15399615916397802
1932	63c932a75f878d9401e4805cf37c78b9f02046946eb2fdc0219f829304ef8d12	-0.23271868767322634
1937	00b6f54572f7faab7bb64c74c16984b66ca31c5b0ab02d3a22ecb7c0fea7de96	-0.8258932079761074
1941	00ae3e17b9cbee1447fc139dc461a76f527a9268ec34228a8e4f065d0452c03b	-0.3760293300313382
1942	35a57a4b630ddf649b4ac86a6e19ad67f9cb7f5ff19e8c5bfa936384312189fb	-1.7566879353482547
