entity_id,template_name,ola,lineage,genes_inherited,genes_olaX,robustness_score,taxonomy_version,taxonomy_kingdom,taxonomy_family_id,sweep_evals_total,sweep_seeds_total,sweep_attempted,H_part_norm_mean,H_part_norm_std,PE_lockS1_norm_mean,PE_lockS1_norm_std,R_network_S1_mean,R_network_S1_std,pQ_mean,pS1_mean,pS2_mean,best_eval_id,thresholds_version,attractor_class,viability_state,dof_grade,confirmed_family_id,confirmed_family_friendly,taxonomy_inputs
40169ff7c71c16af15dd2d53c9cd259f39c6806977e1f8aaa22e8660372cf003,dimer_super,3,{},{},{},,ola3_taxonomy_v1,UNKNOWN,R_mean_lastW=na|entropy_quality=na|memory_score_k10=na|phase_var_lastW=na,24,24,True,0.41029514715374465,0.06903076681614334,0.212274962025808,0.0015020764554829454,0.695910289995595,0.030726258785113904,0.7710815518079537,0.07303484543422856,0.15588359943372404,e394931860ea295bb28fa6806422a5d90aba2096d1ee75c5bc29e1e110785d5f,ola3_taxonomy_v1,FUNCTIONAL_LOCK,VIABLE,,0ef8ccca41684a91,dimer_super:FUNCTIONAL_LOCK:Roob_PE2_H2,R=0.696 PE=0.212 H=0.410 evals=24
f344fb3e47caeda20cfe40232d1af940dc0a0cf6ba0e39fba72df48a774945fe,triangle_super,3,{},{},{},,ola3_taxonomy_v1,UNKNOWN,R_mean_lastW=na|entropy_quality=na|memory_score_k10=na|phase_var_lastW=na,24,24,True,0.34615614947343754,0.10116455686208073,0.2115286056757308,0.04827115492843909,0.5777189422054791,0.04339028275365309,0.8241827343913434,0.07999209665293174,0.09582516594477734,38b186dd48a98564676eceb78306f8c2de78ef29bd26b83160dfc4051fb26a9c,ola3_taxonomy_v1,FUNCTIONAL_LOCK,VIABLE,,80b9c0bd50fdcf94,triangle_super:FUNCTIONAL_LOCK:Roob_PE2_H2,R=0.578 PE=0.212 H=0.346 evals=24
f12850e46ef06ec30951b42cf6a6b49fd0713193425f2beeaf60c27c07cb9054,dimer_super,3,{},{},{},,ola3_taxonomy_v1,UNKNOWN,R_mean_lastW=na|entropy_quality=na|memory_score_k10=na|phase_var_lastW=na,24,24,True,0.29147112274229114,0.07646833753807403,0.18988933050235265,0.005927274749594603,0.689140570349645,0.11820778336775505,0.8605276529440496,0.02210358457711699,0.11736875801067091,d8ccc7beb30832cf911ec6542e8fd69fc02973e0d721cd03eb41270de22546a4,ola3_taxonomy_v1,FUNCTIONAL_LOCK,VIABLE,,7cd52e032df4eda9,dimer_super:FUNCTIONAL_LOCK:Roob_PE1_H1,R=0.689 PE=0.190 H=0.291 evals=24
661c780d29597526fabc1994bcd5484c0ce28f7534010f6415530addaf575457,dimer_super,3,{},{},{},,ola3_taxonomy_v1,UNKNOWN,R_mean_lastW=na|entropy_quality=na|memory_score_k10=na|phase_var_lastW=na,24,24,True,0.3906624526178333,0.12846772493519434,0.22718055007887386,0.040783570822279,0.6789162124686209,0.029886452424722737,0.7848320673513961,0.11208774903207931,0.10308017751152541,d9666f0e4d3af02512136213a98385129cffaaece7ba05385d92ba57d7539c38,ola3_taxonomy_v1,FUNCTIONAL_LOCK,VIABLE,,0ef8ccca41684a91,dimer_super:FUNCTIONAL_LOCK:Roob_PE2_H2,R=0.679 PE=0.227 H=0.391 evals=24
3eee10d3eecd3b1a943207506b6b193e04eb374429682134deb78a275e13078c,dimer_super,3,{},{},{},,ola3_taxonomy_v1,UNKNOWN,R_mean_lastW=na|entropy_quality=na|memory_score_k10=na|phase_var_lastW=na,24,24,True,0.4907773394955303,0.10791830124592071,0.24742824642376715,0.05455540710271061,0.6907761146806007,0.0294730318640434,0.7055055129484801,0.1255807864296502,0.1689136959548332,cdd4101a116f6da454c4afedb0e6dc3ead1c8e3893eb219321dac8f1e9dfc7d7,ola3_taxonomy_v1,FUNCTIONAL_LOCK,VIABLE,,0ef8ccca41684a91,dimer_super:FUNCTIONAL_LOCK:Roob_PE2_H2,R=0.691 PE=0.247 H=0.491 evals=24
5af0da8cab85fd4169a66d6f3b17436730f0eb6285adbc51b5f24bbd5ec2e91b,triangle_super,3,{},{},{},,ola3_taxonomy_v1,UNKNOWN,R_mean_lastW=na|entropy_quality=na|memory_score_k10=na|phase_var_lastW=na,24,24,True,0.45564205495689314,0.09728349642642907,0.2171929804749224,0.018851811105697704,0.5946356565085414,0.03267406816209973,0.762829724239895,0.05929124887285087,0.17787902418498136,a961d5de04cbeb19410a27fdd4be7d681ea5206547c9c4a5666c11c3668b9893,ola3_taxonomy_v1,FUNCTIONAL_LOCK,VIABLE,,80b9c0bd50fdcf94,triangle_super:FUNCTIONAL_LOCK:Roob_PE2_H2,R=0.595 PE=0.217 H=0.456 evals=24
922beafdbdb63789f2040c0cd6d64262c4a4c412996e418f78b8f60833edddb4,triangle_super,3,{},{},{},,ola3_taxonomy_v1,UNKNOWN,R_mean_lastW=na|entropy_quality=na|memory_score_k10=na|phase_var_lastW=na,24,24,True,0.42044455158824084,0.09210872221130445,0.22759933627042736,0.046800419097411936,0.5734634523767991,0.0339406654494775,0.7781175526417158,0.1045706978077481,0.11731174702562584,1edaf91d9e634b6847fddc498df420d4231be098f62834fe47cbc0a98607bce3,ola3_taxonomy_v1,FUNCTIONAL_LOCK,VIABLE,,80b9c0bd50fdcf94,triangle_super:FUNCTIONAL_LOCK:Roob_PE2_H2,R=0.573 PE=0.228 H=0.420 evals=24
ab1cb570034c89ff1efea1c593d85f723789baabe2ab4c2765a6797e937b1869,triangle_super,3,{},{},{},,ola3_taxonomy_v1,UNKNOWN,R_mean_lastW=na|entropy_quality=na|memory_score_k10=na|phase_var_lastW=na,24,24,True,0.347151027567897,0.09815228106817456,0.21989497964292726,0.03398687511584844,0.585153186472072,0.03584707221414233,0.8205804316661962,0.08720753255830092,0.09221203264290334,ed3b2a263469e5147e094048170463a094e57e1180638c7d630a9113cf8b21ad,ola3_taxonomy_v1,FUNCTIONAL_LOCK,VIABLE,,80b9c0bd50fdcf94,triangle_super:FUNCTIONAL_LOCK:Roob_PE2_H2,R=0.585 PE=0.220 H=0.347 evals=24
d7dc0dfbd434ae910809a923fe8de77483d1bdf91261eaadd116613a06fbb726,dimer_super,3,{},{},{},,ola3_taxonomy_v1,UNKNOWN,R_mean_lastW=na|entropy_quality=na|memory_score_k10=na|phase_var_lastW=na,24,24,True,0.43451826556890555,0.06726986606787094,0.20464197414850474,0.010131960411217176,0.6866667927776536,0.048082000549575656,0.7676964474836057,0.023838849809381765,0.2084646995232433,0ef88129722bb39fe4d14185844dd017da9eadba52b6d3bc701f35d7d3c8f7ec,ola3_taxonomy_v1,FUNCTIONAL_LOCK,VIABLE,,0ef8ccca41684a91,dimer_super:FUNCTIONAL_LOCK:Roob_PE2_H2,R=0.687 PE=0.205 H=0.435 evals=24
c640f9d8e20824b72535d4621ea06198dde1435d14e18964754ff2d55b9b02db,triangle_super,3,{},{},{},,ola3_taxonomy_v1,UNKNOWN,R_mean_lastW=na|entropy_quality=na|memory_score_k10=na|phase_var_lastW=na,24,24,True,0.41313128960094364,0.07635839359694266,0.2081187940109639,0.008391443287316095,0.5816469402635981,0.04635371498906769,0.7901622286155568,0.01849872023788402,0.19133904931281884,78660438c0e61d1cc81a7feedadabebaedce09efae6ea6ceb15dde1be023bb37,ola3_taxonomy_v1,FUNCTIONAL_LOCK,VIABLE,,80b9c0bd50fdcf94,triangle_super:FUNCTIONAL_LOCK:Roob_PE2_H2,R=0.582 PE=0.208 H=0.413 evals=24
7b6ee4a057be42df5b9577f3057d4ab81a42868bca8c69f6b1f85af2be874390,dimer_super,3,{},{},{},,ola3_taxonomy_v1,UNKNOWN,R_mean_lastW=na|entropy_quality=na|memory_score_k10=na|phase_var_lastW=na,24,24,True,0.24506187824571282,0.057907779319055344,0.21014031004768766,0.006158275576623651,0.6940596563874702,0.030286319279816256,0.861501636977585,0.08854185685051115,0.049956498678327965,d1b14b3472fae8e6ecd1ae6e1308ceb76daa212dde9519cf142441345c6b61e7,ola3_taxonomy_v1,FUNCTIONAL_LOCK,VIABLE,,54e455aedf98e89a,dimer_super:FUNCTIONAL_LOCK:Roob_PE2_H1,R=0.694 PE=0.210 H=0.245 evals=24
5ef95b0056248540f91e3ad0298ecc692a532d9f1ecae151787913af6a0d617c,dimer_super,3,{},{},{},,ola3_taxonomy_v1,UNKNOWN,R_mean_lastW=na|entropy_quality=na|memory_score_k10=na|phase_var_lastW=na,24,24,True,0.38769797197851674,0.08173476361345326,0.21366215410076375,0.002899692921528445,0.6876643839488148,0.04443179292306828,0.7880846304883816,0.006842507834334353,0.2050728576588018,ba1af06f98f0d9f48b231873cb776b938dbbd42feebbd2988e852f6a66c68c08,ola3_taxonomy_v1,FUNCTIONAL_LOCK,VIABLE,,0ef8ccca41684a91,dimer_super:FUNCTIONAL_LOCK:Roob_PE2_H2,R=0.688 PE=0.214 H=0.388 evals=24
3081b3c3077a94a4be51598dfa164fcdf6a89600a4ec17f56873413eb421a49e,dimer_super,3,{},{},{},,ola3_taxonomy_v1,UNKNOWN,R_mean_lastW=na|entropy_quality=na|memory_score_k10=na|phase_var_lastW=na,24,24,True,0.3115606774514161,0.09729544411633108,0.24713684164901725,0.07113290252358301,0.6634424296702041,0.04039070840456833,0.8062594156264958,0.13089659225498743,0.06284398661837676,0c71476cd28b04100237ee679d8fe0e545d6078f8a858d2457f775428a6681af,ola3_taxonomy_v1,FUNCTIONAL_LOCK,VIABLE,,0ef8ccca41684a91,dimer_super:FUNCTIONAL_LOCK:Roob_PE2_H2,R=0.663 PE=0.247 H=0.312 evals=24
a236c61f1922b567c41375e30d8e99280d3c5ed3c4a102ca5a102d15b793fbd8,dimer_super,3,{},{},{},,ola3_taxonomy_v1,UNKNOWN,R_mean_lastW=na|entropy_quality=na|memory_score_k10=na|phase_var_lastW=na,24,24,True,0.4448036787039718,0.08818912861669558,0.22512677738872902,0.05997750886995771,0.6776293609312303,0.03994587507559817,0.7341682245593638,0.1277014855912977,0.1381302848028952,116ed87a004d7b85d27ef834c503602c58d5060221d8e1785b42707cd9637aa4,ola3_taxonomy_v1,FUNCTIONAL_LOCK,VIABLE,,0ef8ccca41684a91,dimer_super:FUNCTIONAL_LOCK:Roob_PE2_H2,R=0.678 PE=0.225 H=0.445 evals=24
7444ba0b110b09e34d964ba8eaa4a081fa746dd76e64829775220715f12b146c,dimer_super,3,{},{},{},,ola3_taxonomy_v1,UNKNOWN,R_mean_lastW=na|entropy_quality=na|memory_score_k10=na|phase_var_lastW=na,24,24,True,0.3751201234475073,0.10434947110221159,0.2099143909052967,0.011624436875520514,0.696908292044104,0.07253012215489126,0.8050623503395719,0.027695535390355328,0.16724210916159699,4f2856dbb545f729bfb9d69b397dc8426f027c4fc7b9fe3f2761dc47336dfafe,ola3_taxonomy_v1,FUNCTIONAL_LOCK,VIABLE,,0ef8ccca41684a91,dimer_super:FUNCTIONAL_LOCK:Roob_PE2_H2,R=0.697 PE=0.210 H=0.375 evals=24
626c09b6d585ba201e857e5835f4f46d986dce0c0eadcc590ce71936e44e770d,dimer_super,3,{},{},{},,ola3_taxonomy_v1,UNKNOWN,R_mean_lastW=na|entropy_quality=na|memory_score_k10=na|phase_var_lastW=na,24,24,True,0.2091695068546491,0.05771924626483344,0.20579234077406636,0.011099520573343877,0.6865886347169567,0.035058908890065237,0.9031979550203612,0.006433880567427558,0.09036816063409346,945c974782bd5c2a482110aaba962503842464f147fc67ff1767858a1c7217fe,ola3_taxonomy_v1,FUNCTIONAL_LOCK,VIABLE,,54e455aedf98e89a,dimer_super:FUNCTIONAL_LOCK:Roob_PE2_H1,R=0.687 PE=0.206 H=0.209 evals=24
3793ca120ea99263a318fb940d8780602d90926cf32de69f89152895ecccf267,dimer_super,3,{},{},{},,ola3_taxonomy_v1,UNKNOWN,R_mean_lastW=na|entropy_quality=na|memory_score_k10=na|phase_var_lastW=na,24,24,True,0.3526474796751416,0.07392166603799427,0.20913835964994557,0.006494327865089379,0.6780091566665458,0.059539835173259135,0.8301006063725477,0.01643678262162844,0.1534626067523888,87fc597ae801c09176cf44ddc8d63d868343e8654d85f72470f3df81f6ab8d48,ola3_taxonomy_v1,FUNCTIONAL_LOCK,VIABLE,,0ef8ccca41684a91,dimer_super:FUNCTIONAL_LOCK:Roob_PE2_H2,R=0.678 PE=0.209 H=0.353 evals=24
246dd7137442501f3251017e214f9c8d3a9be25087fe03583feb59ff03f10951,dimer_super,3,{},{},{},,ola3_taxonomy_v1,UNKNOWN,R_mean_lastW=na|entropy_quality=na|memory_score_k10=na|phase_var_lastW=na,24,24,True,0.31816806177985074,0.1077941391539329,0.2118744289417657,0.009942762606405475,0.6958429477954821,0.04542441789454672,0.8286210817493188,0.007377187128880978,0.1640017262983622,383275b3f0d6f20d0a704bb947b8fd7da5dd22cf99040ae9c74df4fbba259ee0,ola3_taxonomy_v1,FUNCTIONAL_LOCK,VIABLE,,0ef8ccca41684a91,dimer_super:FUNCTIONAL_LOCK:Roob_PE2_H2,R=0.696 PE=0.212 H=0.318 evals=24
9618176deba6baa60516dfd5cce4311a221924f658369dd8f570fab7e522e1b7,triangle_super,3,{},{},{},,ola3_taxonomy_v1,UNKNOWN,R_mean_lastW=na|entropy_quality=na|memory_score_k10=na|phase_var_lastW=na,24,24,True,0.5037074168068159,0.08444524090603567,0.2251709477811679,0.055076845054084216,0.5915507095681105,0.03425374529870451,0.698312915004502,0.12758439326564538,0.17410268867761172,b6021ffa12ac21639441f44de21c77454b1639e2c284a5e93ba4d0f79e302165,ola3_taxonomy_v1,FUNCTIONAL_LOCK,VIABLE,,0ebfbadd36ddd838,triangle_super:FUNCTIONAL_LOCK:Roob_PE2_H3,R=0.592 PE=0.225 H=0.504 evals=24
644c31af2078ea96ee691d38ad9b5623f28593fef62da757f9319a1c032c0f35,triangle_super,3,{},{},{},,ola3_taxonomy_v1,UNKNOWN,R_mean_lastW=na|entropy_quality=na|memory_score_k10=na|phase_var_lastW=na,24,24,True,0.34189621208499177,0.07212811559076138,0.20480653931864476,0.010577221749043629,0.5853768033246539,0.041226476065135,0.8370251047287596,0.018011960955027943,0.14496293217541037,8da45d1fb529313765d1f55efda5535552f4cd4a059c028cf7ebfb67a7332c9a,ola3_taxonomy_v1,FUNCTIONAL_LOCK,VIABLE,,80b9c0bd50fdcf94,triangle_super:FUNCTIONAL_LOCK:Roob_PE2_H2,R=0.585 PE=0.205 H=0.342 evals=24
9f7f3960507f35472596998ef015025ae188955284e5105a0881cd3b6879b6ee,triangle_super,3,{},{},{},,ola3_taxonomy_v1,UNKNOWN,R_mean_lastW=na|entropy_quality=na|memory_score_k10=na|phase_var_lastW=na,24,24,True,0.3265959015763537,0.0677713823117949,0.20828575358881582,0.010731756734666044,0.5976511643110274,0.04194380672461145,0.8398694844336002,0.005013678780049344,0.1551168348539068,71bf32516de6a79e27332dfc2082f4a61bf043b4ab21366002b734d4148c75d8,ola3_taxonomy_v1,FUNCTIONAL_LOCK,VIABLE,,80b9c0bd50fdcf94,triangle_super:FUNCTIONAL_LOCK:Roob_PE2_H2,R=0.598 PE=0.208 H=0.327 evals=24
